key,Date,IxVal
468,2002-03-31 00:00:00,79.3
468,2002-06-30 00:00:00,84.3
468,2002-09-30 00:00:00,86.3
468,2002-12-31 00:00:00,88.3
468,2003-03-31 00:00:00,90.2
468,2003-06-30 00:00:00,94.9
468,2003-09-30 00:00:00,99
468,2003-12-31 00:00:00,102
468,2004-03-31 00:00:00,99.6
468,2004-06-30 00:00:00,99.4
468,2004-09-30 00:00:00,99.7
468,2004-12-31 00:00:00,102.4
468,2005-03-31 00:00:00,102
468,2005-06-30 00:00:00,103.4
468,2005-09-30 00:00:00,103.4
468,2005-12-31 00:00:00,105.4
468,2006-03-31 00:00:00,106.9
468,2006-06-30 00:00:00,110
468,2006-09-30 00:00:00,112
468,2006-12-31 00:00:00,114.8
468,2007-03-31 00:00:00,116.7
468,2007-06-30 00:00:00,125.1
468,2007-09-30 00:00:00,131.5
468,2007-12-31 00:00:00,141.3
468,2008-03-31 00:00:00,143.6
468,2008-06-30 00:00:00,143.2
468,2008-09-30 00:00:00,138.5
468,2008-12-31 00:00:00,137
468,2009-03-31 00:00:00,136.3
468,2009-06-30 00:00:00,144.3
468,2009-09-30 00:00:00,153.6
468,2009-12-31 00:00:00,163.7
468,2010-03-31 00:00:00,172.2
468,2010-06-30 00:00:00,177.2
468,2010-09-30 00:00:00,174
468,2010-12-31 00:00:00,178.6
468,2011-03-31 00:00:00,174.1
469,2002-03-31 00:00:00,61.9
469,2002-06-30 00:00:00,64.5
469,2002-09-30 00:00:00,69.3
469,2002-12-31 00:00:00,72.5
469,2003-03-31 00:00:00,77.1
469,2003-06-30 00:00:00,83.1
469,2003-09-30 00:00:00,93.3
469,2003-12-31 00:00:00,100.6
469,2004-03-31 00:00:00,102.3
469,2004-06-30 00:00:00,103.8
469,2004-09-30 00:00:00,102.6
469,2004-12-31 00:00:00,104
469,2005-03-31 00:00:00,104.8
469,2005-06-30 00:00:00,105.5
469,2005-09-30 00:00:00,105.6
469,2005-12-31 00:00:00,107.8
469,2006-03-31 00:00:00,108.6
469,2006-06-30 00:00:00,110.9
469,2006-09-30 00:00:00,112.7
469,2006-12-31 00:00:00,115.6
469,2007-03-31 00:00:00,120.4
469,2007-06-30 00:00:00,128.1
469,2007-09-30 00:00:00,134.3
469,2007-12-31 00:00:00,141.3
469,2008-03-31 00:00:00,145.4
469,2008-06-30 00:00:00,146.1
469,2008-09-30 00:00:00,140.5
469,2008-12-31 00:00:00,138
469,2009-03-31 00:00:00,138.3
469,2009-06-30 00:00:00,142.2
469,2009-09-30 00:00:00,146.7
469,2009-12-31 00:00:00,151.9
469,2010-03-31 00:00:00,153.8
469,2010-06-30 00:00:00,154.3
469,2010-09-30 00:00:00,152
469,2010-12-31 00:00:00,152.1
469,2011-03-31 00:00:00,148.3
470,2002-03-31 00:00:00,69.7
470,2002-06-30 00:00:00,73.3
470,2002-09-30 00:00:00,76.1
470,2002-12-31 00:00:00,80.3
470,2003-03-31 00:00:00,85.5
470,2003-06-30 00:00:00,90.5
470,2003-09-30 00:00:00,97
470,2003-12-31 00:00:00,99.6
470,2004-03-31 00:00:00,101
470,2004-06-30 00:00:00,102.4
470,2004-09-30 00:00:00,104.5
470,2004-12-31 00:00:00,106.5
470,2005-03-31 00:00:00,107
470,2005-06-30 00:00:00,107.8
470,2005-09-30 00:00:00,108.2
470,2005-12-31 00:00:00,110.7
470,2006-03-31 00:00:00,112.2
470,2006-06-30 00:00:00,113.8
470,2006-09-30 00:00:00,114.5
470,2006-12-31 00:00:00,117.6
470,2007-03-31 00:00:00,119.7
470,2007-06-30 00:00:00,126.9
470,2007-09-30 00:00:00,134.6
470,2007-12-31 00:00:00,143.7
470,2008-03-31 00:00:00,148.2
470,2008-06-30 00:00:00,147
470,2008-09-30 00:00:00,146.9
470,2008-12-31 00:00:00,146.6
470,2009-03-31 00:00:00,145.1
470,2009-06-30 00:00:00,149
470,2009-09-30 00:00:00,151.8
470,2009-12-31 00:00:00,157.6
470,2010-03-31 00:00:00,159.7
470,2010-06-30 00:00:00,162.8
470,2010-09-30 00:00:00,162.3
470,2010-12-31 00:00:00,162.9
470,2011-03-31 00:00:00,161.2
471,2002-03-31 00:00:00,75.5
471,2002-06-30 00:00:00,77.2
471,2002-09-30 00:00:00,79
471,2002-12-31 00:00:00,82.4
471,2003-03-31 00:00:00,85.9
471,2003-06-30 00:00:00,90.2
471,2003-09-30 00:00:00,94
471,2003-12-31 00:00:00,98.8
471,2004-03-31 00:00:00,102.3
471,2004-06-30 00:00:00,104.9
471,2004-09-30 00:00:00,106.9
471,2004-12-31 00:00:00,111.8
471,2005-03-31 00:00:00,116.3
471,2005-06-30 00:00:00,122.5
471,2005-09-30 00:00:00,127.7
471,2005-12-31 00:00:00,137.3
471,2006-03-31 00:00:00,148.2
471,2006-06-30 00:00:00,169.6
471,2006-09-30 00:00:00,188.4
471,2006-12-31 00:00:00,194.8
471,2007-03-31 00:00:00,195.8
471,2007-06-30 00:00:00,192.1
471,2007-09-30 00:00:00,195.5
471,2007-12-31 00:00:00,197.6
471,2008-03-31 00:00:00,195.3
471,2008-06-30 00:00:00,190.8
471,2008-09-30 00:00:00,186.6
471,2008-12-31 00:00:00,182.4
471,2009-03-31 00:00:00,181.6
471,2009-06-30 00:00:00,185.3
471,2009-09-30 00:00:00,191
471,2009-12-31 00:00:00,202
471,2010-03-31 00:00:00,208.7
471,2010-06-30 00:00:00,208.3
471,2010-09-30 00:00:00,202.8
471,2010-12-31 00:00:00,201
471,2011-03-31 00:00:00,202
472,2002-03-31 00:00:00,56.3
472,2002-06-30 00:00:00,57.6
472,2002-09-30 00:00:00,60.5
472,2002-12-31 00:00:00,63.9
472,2003-03-31 00:00:00,71.9
472,2003-06-30 00:00:00,79.7
472,2003-09-30 00:00:00,91.4
472,2003-12-31 00:00:00,99.3
472,2004-03-31 00:00:00,101.6
472,2004-06-30 00:00:00,107.8
472,2004-09-30 00:00:00,108.6
472,2004-12-31 00:00:00,111.4
472,2005-03-31 00:00:00,112.5
472,2005-06-30 00:00:00,114.5
472,2005-09-30 00:00:00,114.8
472,2005-12-31 00:00:00,118.5
472,2006-03-31 00:00:00,120.8
472,2006-06-30 00:00:00,124.6
472,2006-09-30 00:00:00,127.1
472,2006-12-31 00:00:00,129.2
472,2007-03-31 00:00:00,132.8
472,2007-06-30 00:00:00,135.4
472,2007-09-30 00:00:00,139
472,2007-12-31 00:00:00,144.8
472,2008-03-31 00:00:00,141.9
472,2008-06-30 00:00:00,143.1
472,2008-09-30 00:00:00,139.7
472,2008-12-31 00:00:00,141
472,2009-03-31 00:00:00,140
472,2009-06-30 00:00:00,145
472,2009-09-30 00:00:00,147.9
472,2009-12-31 00:00:00,156.8
472,2010-03-31 00:00:00,160.1
472,2010-06-30 00:00:00,156.2
472,2010-09-30 00:00:00,156.4
472,2010-12-31 00:00:00,160.3
472,2011-03-31 00:00:00,161
473,2002-03-31 00:00:00,81.6
473,2002-06-30 00:00:00,81.6
473,2002-09-30 00:00:00,84.1
473,2002-12-31 00:00:00,86
473,2003-03-31 00:00:00,89.3
473,2003-06-30 00:00:00,91.3
473,2003-09-30 00:00:00,93.6
473,2003-12-31 00:00:00,98.5
473,2004-03-31 00:00:00,104.8
473,2004-06-30 00:00:00,103
473,2004-09-30 00:00:00,108.2
473,2004-12-31 00:00:00,112.7
473,2005-03-31 00:00:00,120.1
473,2005-06-30 00:00:00,122.6
473,2005-09-30 00:00:00,128.5
473,2005-12-31 00:00:00,135.3
473,2006-03-31 00:00:00,141.1
473,2006-06-30 00:00:00,150.3
473,2006-09-30 00:00:00,152.3
473,2006-12-31 00:00:00,159.7
473,2007-03-31 00:00:00,164.5
473,2007-06-30 00:00:00,166.3
473,2007-09-30 00:00:00,170.8
473,2007-12-31 00:00:00,177.3
473,2008-03-31 00:00:00,174.8
473,2008-06-30 00:00:00,177.7
473,2008-09-30 00:00:00,181.9
473,2008-12-31 00:00:00,188.5
473,2009-03-31 00:00:00,192.6
473,2009-06-30 00:00:00,197.5
473,2009-09-30 00:00:00,204.2
473,2009-12-31 00:00:00,218.5
473,2010-03-31 00:00:00,220.2
473,2010-06-30 00:00:00,223.6
473,2010-09-30 00:00:00,222.4
473,2010-12-31 00:00:00,223.4
473,2011-03-31 00:00:00,221.2
474,2002-03-31 00:00:00,66.5
474,2002-06-30 00:00:00,70.7
474,2002-09-30 00:00:00,74.9
474,2002-12-31 00:00:00,80.1
474,2003-03-31 00:00:00,84.7
474,2003-06-30 00:00:00,90.9
474,2003-09-30 00:00:00,97.7
474,2003-12-31 00:00:00,101.7
474,2004-03-31 00:00:00,100.3
474,2004-06-30 00:00:00,100.3
474,2004-09-30 00:00:00,98.7
474,2004-12-31 00:00:00,100.3
474,2005-03-31 00:00:00,100.6
474,2005-06-30 00:00:00,100
474,2005-09-30 00:00:00,100.2
474,2005-12-31 00:00:00,102.8
474,2006-03-31 00:00:00,104
474,2006-06-30 00:00:00,107
474,2006-09-30 00:00:00,110
474,2006-12-31 00:00:00,111.8
474,2007-03-31 00:00:00,113.5
474,2007-06-30 00:00:00,118.5
474,2007-09-30 00:00:00,124.5
474,2007-12-31 00:00:00,128.2
474,2008-03-31 00:00:00,129.1
474,2008-06-30 00:00:00,126.7
474,2008-09-30 00:00:00,122.3
474,2008-12-31 00:00:00,121.9
474,2009-03-31 00:00:00,122.2
474,2009-06-30 00:00:00,126.4
474,2009-09-30 00:00:00,131.9
474,2009-12-31 00:00:00,140.6
474,2010-03-31 00:00:00,147.2
474,2010-06-30 00:00:00,146.6
474,2010-09-30 00:00:00,147
474,2010-12-31 00:00:00,149.4
474,2011-03-31 00:00:00,148.8
475,2002-03-31 00:00:00,74.3
475,2002-06-30 00:00:00,78.8
475,2002-09-30 00:00:00,82
475,2002-12-31 00:00:00,85
475,2003-03-31 00:00:00,87.4
475,2003-06-30 00:00:00,92
475,2003-09-30 00:00:00,97.4
475,2003-12-31 00:00:00,101.5
475,2004-03-31 00:00:00,101.2
475,2004-06-30 00:00:00,100
475,2004-09-30 00:00:00,100
475,2004-12-31 00:00:00,101.7
475,2005-03-31 00:00:00,101.3
475,2005-06-30 00:00:00,101.9
475,2005-09-30 00:00:00,101.7
475,2005-12-31 00:00:00,104
475,2006-03-31 00:00:00,105.3
475,2006-06-30 00:00:00,109.3
475,2006-09-30 00:00:00,112
475,2006-12-31 00:00:00,114.1
475,2007-03-31 00:00:00,115.4
475,2007-06-30 00:00:00,120.3
475,2007-09-30 00:00:00,124.8
475,2007-12-31 00:00:00,130.1
475,2008-03-31 00:00:00,131
475,2008-06-30 00:00:00,129.9
475,2008-09-30 00:00:00,126.5
475,2008-12-31 00:00:00,124.8
475,2009-03-31 00:00:00,123.8
475,2009-06-30 00:00:00,129.1
475,2009-09-30 00:00:00,134.8
475,2009-12-31 00:00:00,142.2
475,2010-03-31 00:00:00,147.1
475,2010-06-30 00:00:00,149.8
475,2010-09-30 00:00:00,148.1
475,2010-12-31 00:00:00,149.3
475,2011-03-31 00:00:00,146.8
476,1986-09-30 00:00:00,43.3
476,1986-12-31 00:00:00,43.9
476,1987-03-31 00:00:00,44.7
476,1987-06-30 00:00:00,45.4
476,1987-09-30 00:00:00,45.9
476,1987-12-31 00:00:00,47.2
476,1988-03-31 00:00:00,49
476,1988-06-30 00:00:00,52.1
476,1988-09-30 00:00:00,56.7
476,1988-12-31 00:00:00,59.3
476,1989-03-31 00:00:00,62.3
476,1989-06-30 00:00:00,63.5
476,1989-09-30 00:00:00,65.2
476,1989-12-31 00:00:00,65.5
476,1990-03-31 00:00:00,66.5
476,1990-06-30 00:00:00,67.4
476,1990-09-30 00:00:00,67.5
476,1990-12-31 00:00:00,68.2
476,1991-03-31 00:00:00,68.3
476,1991-06-30 00:00:00,68.3
476,1991-09-30 00:00:00,68.6
476,1991-12-31 00:00:00,68.1
476,1992-03-31 00:00:00,68.2
476,1992-06-30 00:00:00,68
476,1992-09-30 00:00:00,68.2
476,1992-12-31 00:00:00,68.6
476,1993-03-31 00:00:00,68.4
476,1993-06-30 00:00:00,68.9
476,1993-09-30 00:00:00,69.8
476,1993-12-31 00:00:00,69.6
476,1994-03-31 00:00:00,70.1
476,1994-06-30 00:00:00,70.5
476,1994-09-30 00:00:00,70.9
476,1994-12-31 00:00:00,71.8
476,1995-03-31 00:00:00,70.9
476,1995-06-30 00:00:00,71.9
476,1995-09-30 00:00:00,72.9
476,1995-12-31 00:00:00,72.7
476,1996-03-31 00:00:00,73
476,1996-06-30 00:00:00,73
476,1996-09-30 00:00:00,72.4
476,1996-12-31 00:00:00,73
476,1997-03-31 00:00:00,73
476,1997-06-30 00:00:00,73.6
476,1997-09-30 00:00:00,74.1
476,1997-12-31 00:00:00,74.1
476,1998-03-31 00:00:00,74.2
476,1998-06-30 00:00:00,74.4
476,1998-09-30 00:00:00,75.1
476,1998-12-31 00:00:00,75.2
476,1999-03-31 00:00:00,77.1
476,1999-06-30 00:00:00,77.3
476,1999-09-30 00:00:00,79.1
476,1999-12-31 00:00:00,81.2
476,2000-03-31 00:00:00,82.4
476,2000-06-30 00:00:00,83.1
476,2000-09-30 00:00:00,91.2
476,2000-12-31 00:00:00,91.5
476,2001-03-31 00:00:00,91.4
476,2001-06-30 00:00:00,92
476,2001-09-30 00:00:00,92.5
476,2001-12-31 00:00:00,93.2
476,2002-03-31 00:00:00,93.5
476,2002-06-30 00:00:00,94.5
476,2002-09-30 00:00:00,95
476,2002-12-31 00:00:00,95.5
476,2003-03-31 00:00:00,96.7
476,2003-06-30 00:00:00,97.2
476,2003-09-30 00:00:00,98.4
476,2003-12-31 00:00:00,99.2
476,2004-03-31 00:00:00,100.4
476,2004-06-30 00:00:00,102
476,2004-09-30 00:00:00,103.1
476,2004-12-31 00:00:00,104.8
476,2005-03-31 00:00:00,106.1
476,2005-06-30 00:00:00,107
476,2005-09-30 00:00:00,107.4
476,2005-12-31 00:00:00,107.7
476,2006-03-31 00:00:00,107.5
476,2006-06-30 00:00:00,108
476,2006-09-30 00:00:00,107.9
476,2006-12-31 00:00:00,107.6
476,2007-03-31 00:00:00,108.1
476,2007-06-30 00:00:00,108.9
476,2007-09-30 00:00:00,110.3
476,2007-12-31 00:00:00,110.9
476,2008-03-31 00:00:00,113.2
476,2008-06-30 00:00:00,114.8
476,2008-09-30 00:00:00,115.9
476,2008-12-31 00:00:00,116.7
476,2009-03-31 00:00:00,116.7
476,2009-06-30 00:00:00,119.1
476,2009-09-30 00:00:00,119.9
476,2009-12-31 00:00:00,120.9
476,2010-03-31 00:00:00,122.1
476,2010-06-30 00:00:00,122.6
476,2010-09-30 00:00:00,122.8
476,2010-12-31 00:00:00,124.3
476,2011-03-31 00:00:00,125.6
477,1986-09-30 00:00:00,49.1
477,1986-12-31 00:00:00,49.7
477,1987-03-31 00:00:00,50.2
477,1987-06-30 00:00:00,50.6
477,1987-09-30 00:00:00,51.5
477,1987-12-31 00:00:00,52.2
477,1988-03-31 00:00:00,53
477,1988-06-30 00:00:00,54.5
477,1988-09-30 00:00:00,56.2
477,1988-12-31 00:00:00,59.1
477,1989-03-31 00:00:00,60.6
477,1989-06-30 00:00:00,62
477,1989-09-30 00:00:00,63.7
477,1989-12-31 00:00:00,65.2
477,1990-03-31 00:00:00,65.6
477,1990-06-30 00:00:00,66.6
477,1990-09-30 00:00:00,67.4
477,1990-12-31 00:00:00,67.7
477,1991-03-31 00:00:00,67.9
477,1991-06-30 00:00:00,66.8
477,1991-09-30 00:00:00,66.7
477,1991-12-31 00:00:00,66.8
477,1992-03-31 00:00:00,66.5
477,1992-06-30 00:00:00,65.9
477,1992-09-30 00:00:00,65.5
477,1992-12-31 00:00:00,65.6
477,1993-03-31 00:00:00,65.7
477,1993-06-30 00:00:00,65.6
477,1993-09-30 00:00:00,67.8
477,1993-12-31 00:00:00,67.7
477,1994-03-31 00:00:00,67.4
477,1994-06-30 00:00:00,68.6
477,1994-09-30 00:00:00,68.6
477,1994-12-31 00:00:00,69.1
477,1995-03-31 00:00:00,69.2
477,1995-06-30 00:00:00,69.5
477,1995-09-30 00:00:00,70.1
477,1995-12-31 00:00:00,70
477,1996-03-31 00:00:00,70
477,1996-06-30 00:00:00,70.2
477,1996-09-30 00:00:00,70.1
477,1996-12-31 00:00:00,70.4
477,1997-03-31 00:00:00,70.5
477,1997-06-30 00:00:00,70.5
477,1997-09-30 00:00:00,70.8
477,1997-12-31 00:00:00,70.9
477,1998-03-31 00:00:00,70.8
477,1998-06-30 00:00:00,71.2
477,1998-09-30 00:00:00,71.6
477,1998-12-31 00:00:00,73.1
477,1999-03-31 00:00:00,74.1
477,1999-06-30 00:00:00,75.1
477,1999-09-30 00:00:00,76.8
477,1999-12-31 00:00:00,79.4
477,2000-03-31 00:00:00,81.2
477,2000-06-30 00:00:00,81.5
477,2000-09-30 00:00:00,88.6
477,2000-12-31 00:00:00,89.1
477,2001-03-31 00:00:00,90.2
477,2001-06-30 00:00:00,89.9
477,2001-09-30 00:00:00,91.5
477,2001-12-31 00:00:00,93.2
477,2002-03-31 00:00:00,93
477,2002-06-30 00:00:00,93.7
477,2002-09-30 00:00:00,94
477,2002-12-31 00:00:00,94.7
477,2003-03-31 00:00:00,96.7
477,2003-06-30 00:00:00,99.2
477,2003-09-30 00:00:00,99.6
477,2003-12-31 00:00:00,99.4
477,2004-03-31 00:00:00,100
477,2004-06-30 00:00:00,101
477,2004-09-30 00:00:00,102.4
477,2004-12-31 00:00:00,102.7
477,2005-03-31 00:00:00,104.1
477,2005-06-30 00:00:00,104
477,2005-09-30 00:00:00,106.2
477,2005-12-31 00:00:00,106.3
477,2006-03-31 00:00:00,105.3
477,2006-06-30 00:00:00,105.9
477,2006-09-30 00:00:00,104.2
477,2006-12-31 00:00:00,105.8
477,2007-03-31 00:00:00,106.5
477,2007-06-30 00:00:00,107.1
477,2007-09-30 00:00:00,108.2
477,2007-12-31 00:00:00,110.4
477,2008-03-31 00:00:00,112.9
477,2008-06-30 00:00:00,113.3
477,2008-09-30 00:00:00,114
477,2008-12-31 00:00:00,112.4
477,2009-03-31 00:00:00,111.1
477,2009-06-30 00:00:00,113.5
477,2009-09-30 00:00:00,117.2
477,2009-12-31 00:00:00,118.3
477,2010-03-31 00:00:00,118.9
477,2010-06-30 00:00:00,120.1
477,2010-09-30 00:00:00,120.7
477,2010-12-31 00:00:00,121.6
477,2011-03-31 00:00:00,123.2
478,1986-09-30 00:00:00,40.5
478,1986-12-31 00:00:00,40.7
478,1987-03-31 00:00:00,41.4
478,1987-06-30 00:00:00,41.9
478,1987-09-30 00:00:00,42.2
478,1987-12-31 00:00:00,43.8
478,1988-03-31 00:00:00,45.4
478,1988-06-30 00:00:00,47.6
478,1988-09-30 00:00:00,50.4
478,1988-12-31 00:00:00,53.5
478,1989-03-31 00:00:00,57
478,1989-06-30 00:00:00,59.4
478,1989-09-30 00:00:00,60.5
478,1989-12-31 00:00:00,61.3
478,1990-03-31 00:00:00,62.1
478,1990-06-30 00:00:00,63.4
478,1990-09-30 00:00:00,63.9
478,1990-12-31 00:00:00,64.6
478,1991-03-31 00:00:00,64.7
478,1991-06-30 00:00:00,64.7
478,1991-09-30 00:00:00,64.8
478,1991-12-31 00:00:00,64.9
478,1992-03-31 00:00:00,65
478,1992-06-30 00:00:00,65.3
478,1992-09-30 00:00:00,66.8
478,1992-12-31 00:00:00,67.2
478,1993-03-31 00:00:00,67.4
478,1993-06-30 00:00:00,67.6
478,1993-09-30 00:00:00,68
478,1993-12-31 00:00:00,67.7
478,1994-03-31 00:00:00,68
478,1994-06-30 00:00:00,68.5
478,1994-09-30 00:00:00,69.1
478,1994-12-31 00:00:00,69.5
478,1995-03-31 00:00:00,69.7
478,1995-06-30 00:00:00,69.8
478,1995-09-30 00:00:00,70.1
478,1995-12-31 00:00:00,70.4
478,1996-03-31 00:00:00,70.4
478,1996-06-30 00:00:00,70.4
478,1996-09-30 00:00:00,70.4
478,1996-12-31 00:00:00,69.5
478,1997-03-31 00:00:00,69.6
478,1997-06-30 00:00:00,69.2
478,1997-09-30 00:00:00,69.4
478,1997-12-31 00:00:00,69.4
478,1998-03-31 00:00:00,69.6
478,1998-06-30 00:00:00,69.6
478,1998-09-30 00:00:00,69.6
478,1998-12-31 00:00:00,69.7
478,1999-03-31 00:00:00,70.2
478,1999-06-30 00:00:00,70.9
478,1999-09-30 00:00:00,71.1
478,1999-12-31 00:00:00,72.6
478,2000-03-31 00:00:00,74.2
478,2000-06-30 00:00:00,74.3
478,2000-09-30 00:00:00,81.2
478,2000-12-31 00:00:00,82.1
478,2001-03-31 00:00:00,81.9
478,2001-06-30 00:00:00,81.2
478,2001-09-30 00:00:00,81.5
478,2001-12-31 00:00:00,81.7
478,2002-03-31 00:00:00,82.8
478,2002-06-30 00:00:00,84.1
478,2002-09-30 00:00:00,86
478,2002-12-31 00:00:00,87.2
478,2003-03-31 00:00:00,88.4
478,2003-06-30 00:00:00,91.9
478,2003-09-30 00:00:00,96.2
478,2003-12-31 00:00:00,99.6
478,2004-03-31 00:00:00,101.1
478,2004-06-30 00:00:00,103.1
478,2004-09-30 00:00:00,103.8
478,2004-12-31 00:00:00,105.6
478,2005-03-31 00:00:00,106
478,2005-06-30 00:00:00,106.5
478,2005-09-30 00:00:00,106.3
478,2005-12-31 00:00:00,107.2
478,2006-03-31 00:00:00,107.2
478,2006-06-30 00:00:00,108.8
478,2006-09-30 00:00:00,109
478,2006-12-31 00:00:00,109.6
478,2007-03-31 00:00:00,113.4
478,2007-06-30 00:00:00,115.5
478,2007-09-30 00:00:00,116.9
478,2007-12-31 00:00:00,120.6
478,2008-03-31 00:00:00,122.8
478,2008-06-30 00:00:00,124.6
478,2008-09-30 00:00:00,127.5
478,2008-12-31 00:00:00,128.9
478,2009-03-31 00:00:00,127.9
478,2009-06-30 00:00:00,129.1
478,2009-09-30 00:00:00,129.2
478,2009-12-31 00:00:00,129.2
478,2010-03-31 00:00:00,130.3
478,2010-06-30 00:00:00,130.8
478,2010-09-30 00:00:00,131.3
478,2010-12-31 00:00:00,132.5
478,2011-03-31 00:00:00,133.2
479,1986-09-30 00:00:00,52.4
479,1986-12-31 00:00:00,52
479,1987-03-31 00:00:00,51.6
479,1987-06-30 00:00:00,51.8
479,1987-09-30 00:00:00,52.2
479,1987-12-31 00:00:00,52.6
479,1988-03-31 00:00:00,52.9
479,1988-06-30 00:00:00,54.3
479,1988-09-30 00:00:00,57.6
479,1988-12-31 00:00:00,56.9
479,1989-03-31 00:00:00,58
479,1989-06-30 00:00:00,59.3
479,1989-09-30 00:00:00,59.3
479,1989-12-31 00:00:00,60.1
479,1990-03-31 00:00:00,60.5
479,1990-06-30 00:00:00,61.3
479,1990-09-30 00:00:00,62.1
479,1990-12-31 00:00:00,63
479,1991-03-31 00:00:00,63.5
479,1991-06-30 00:00:00,63.3
479,1991-09-30 00:00:00,63.7
479,1991-12-31 00:00:00,63.9
479,1992-03-31 00:00:00,63.7
479,1992-06-30 00:00:00,63.1
479,1992-09-30 00:00:00,63.6
479,1992-12-31 00:00:00,63.4
479,1993-03-31 00:00:00,63.3
479,1993-06-30 00:00:00,63.9
479,1993-09-30 00:00:00,66.1
479,1993-12-31 00:00:00,66.9
479,1994-03-31 00:00:00,67.9
479,1994-06-30 00:00:00,67.7
479,1994-09-30 00:00:00,68.9
479,1994-12-31 00:00:00,69.3
479,1995-03-31 00:00:00,69
479,1995-06-30 00:00:00,69.1
479,1995-09-30 00:00:00,68.3
479,1995-12-31 00:00:00,68
479,1996-03-31 00:00:00,68.2
479,1996-06-30 00:00:00,67.6
479,1996-09-30 00:00:00,67.1
479,1996-12-31 00:00:00,64.7
479,1997-03-31 00:00:00,64.9
479,1997-06-30 00:00:00,64.5
479,1997-09-30 00:00:00,67.5
479,1997-12-31 00:00:00,67.8
479,1998-03-31 00:00:00,68.6
479,1998-06-30 00:00:00,69
479,1998-09-30 00:00:00,68.9
479,1998-12-31 00:00:00,70.1
479,1999-03-31 00:00:00,71.1
479,1999-06-30 00:00:00,72.2
479,1999-09-30 00:00:00,73.4
479,1999-12-31 00:00:00,76.4
479,2000-03-31 00:00:00,78.4
479,2000-06-30 00:00:00,78.6
479,2000-09-30 00:00:00,85.4
479,2000-12-31 00:00:00,84.8
479,2001-03-31 00:00:00,85.5
479,2001-06-30 00:00:00,86.5
479,2001-09-30 00:00:00,87.4
479,2001-12-31 00:00:00,88.9
479,2002-03-31 00:00:00,90
479,2002-06-30 00:00:00,91.2
479,2002-09-30 00:00:00,92.6
479,2002-12-31 00:00:00,93.8
479,2003-03-31 00:00:00,94.5
479,2003-06-30 00:00:00,95.2
479,2003-09-30 00:00:00,96.9
479,2003-12-31 00:00:00,99.4
479,2004-03-31 00:00:00,101.5
479,2004-06-30 00:00:00,102.2
479,2004-09-30 00:00:00,102.2
479,2004-12-31 00:00:00,103.8
479,2005-03-31 00:00:00,104.1
479,2005-06-30 00:00:00,104.4
479,2005-09-30 00:00:00,105.2
479,2005-12-31 00:00:00,105.7
479,2006-03-31 00:00:00,106.4
479,2006-06-30 00:00:00,107.3
479,2006-09-30 00:00:00,107.9
479,2006-12-31 00:00:00,107.9
479,2007-03-31 00:00:00,107.9
479,2007-06-30 00:00:00,110
479,2007-09-30 00:00:00,111.4
479,2007-12-31 00:00:00,112.1
479,2008-03-31 00:00:00,114.9
479,2008-06-30 00:00:00,116.6
479,2008-09-30 00:00:00,119
479,2008-12-31 00:00:00,120.6
479,2009-03-31 00:00:00,120.7
479,2009-06-30 00:00:00,121.3
479,2009-09-30 00:00:00,122.3
479,2009-12-31 00:00:00,122.7
479,2010-03-31 00:00:00,123.8
479,2010-06-30 00:00:00,124.3
479,2010-09-30 00:00:00,124.8
479,2010-12-31 00:00:00,125.1
479,2011-03-31 00:00:00,126
480,1986-09-30 00:00:00,48.1
480,1986-12-31 00:00:00,48.3
480,1987-03-31 00:00:00,49.1
480,1987-06-30 00:00:00,49.8
480,1987-09-30 00:00:00,50.4
480,1987-12-31 00:00:00,51.5
480,1988-03-31 00:00:00,52.9
480,1988-06-30 00:00:00,55.7
480,1988-09-30 00:00:00,57.2
480,1988-12-31 00:00:00,62.4
480,1989-03-31 00:00:00,67.4
480,1989-06-30 00:00:00,71.1
480,1989-09-30 00:00:00,71
480,1989-12-31 00:00:00,70.2
480,1990-03-31 00:00:00,68.7
480,1990-06-30 00:00:00,65.2
480,1990-09-30 00:00:00,64.3
480,1990-12-31 00:00:00,63.8
480,1991-03-31 00:00:00,62.8
480,1991-06-30 00:00:00,62.1
480,1991-09-30 00:00:00,62.3
480,1991-12-31 00:00:00,61.9
480,1992-03-31 00:00:00,62.3
480,1992-06-30 00:00:00,62.7
480,1992-09-30 00:00:00,63.1
480,1992-12-31 00:00:00,63.8
480,1993-03-31 00:00:00,64.1
480,1993-06-30 00:00:00,64.5
480,1993-09-30 00:00:00,65
480,1993-12-31 00:00:00,65.5
480,1994-03-31 00:00:00,66.2
480,1994-06-30 00:00:00,68
480,1994-09-30 00:00:00,68.1
480,1994-12-31 00:00:00,68.5
480,1995-03-31 00:00:00,69.1
480,1995-06-30 00:00:00,69.3
480,1995-09-30 00:00:00,70.3
480,1995-12-31 00:00:00,69.9
480,1996-03-31 00:00:00,69.7
480,1996-06-30 00:00:00,69.8
480,1996-09-30 00:00:00,69.8
480,1996-12-31 00:00:00,69.8
480,1997-03-31 00:00:00,69.6
480,1997-06-30 00:00:00,69.6
480,1997-09-30 00:00:00,69.7
480,1997-12-31 00:00:00,69.8
480,1998-03-31 00:00:00,70.5
480,1998-06-30 00:00:00,71.3
480,1998-09-30 00:00:00,72.2
480,1998-12-31 00:00:00,72.8
480,1999-03-31 00:00:00,73.1
480,1999-06-30 00:00:00,74
480,1999-09-30 00:00:00,76.7
480,1999-12-31 00:00:00,79.9
480,2000-03-31 00:00:00,79.6
480,2000-06-30 00:00:00,79.5
480,2000-09-30 00:00:00,86.9
480,2000-12-31 00:00:00,86.6
480,2001-03-31 00:00:00,86.5
480,2001-06-30 00:00:00,87.3
480,2001-09-30 00:00:00,87.9
480,2001-12-31 00:00:00,88.4
480,2002-03-31 00:00:00,88.9
480,2002-06-30 00:00:00,89.2
480,2002-09-30 00:00:00,89.6
480,2002-12-31 00:00:00,90.5
480,2003-03-31 00:00:00,91.6
480,2003-06-30 00:00:00,94
480,2003-09-30 00:00:00,96.9
480,2003-12-31 00:00:00,98.9
480,2004-03-31 00:00:00,100.8
480,2004-06-30 00:00:00,103.3
480,2004-09-30 00:00:00,105.7
480,2004-12-31 00:00:00,109.5
480,2005-03-31 00:00:00,114.2
480,2005-06-30 00:00:00,118.3
480,2005-09-30 00:00:00,122.7
480,2005-12-31 00:00:00,127.8
480,2006-03-31 00:00:00,132.7
480,2006-06-30 00:00:00,137.9
480,2006-09-30 00:00:00,142
480,2006-12-31 00:00:00,143.3
480,2007-03-31 00:00:00,144.7
480,2007-06-30 00:00:00,146.3
480,2007-09-30 00:00:00,147.6
480,2007-12-31 00:00:00,148.3
480,2008-03-31 00:00:00,148.8
480,2008-06-30 00:00:00,150
480,2008-09-30 00:00:00,152.5
480,2008-12-31 00:00:00,154
480,2009-03-31 00:00:00,153.4
480,2009-06-30 00:00:00,153.6
480,2009-09-30 00:00:00,154.1
480,2009-12-31 00:00:00,154.5
480,2010-03-31 00:00:00,156.6
480,2010-06-30 00:00:00,158.6
480,2010-09-30 00:00:00,159.2
480,2010-12-31 00:00:00,159.6
480,2011-03-31 00:00:00,160
481,1986-09-30 00:00:00,47.3
481,1986-12-31 00:00:00,47.9
481,1987-03-31 00:00:00,48.5
481,1987-06-30 00:00:00,49.1
481,1987-09-30 00:00:00,49.6
481,1987-12-31 00:00:00,49.9
481,1988-03-31 00:00:00,50.4
481,1988-06-30 00:00:00,51.3
481,1988-09-30 00:00:00,52.6
481,1988-12-31 00:00:00,54.3
481,1989-03-31 00:00:00,54.4
481,1989-06-30 00:00:00,56.1
481,1989-09-30 00:00:00,57
481,1989-12-31 00:00:00,57.8
481,1990-03-31 00:00:00,58.3
481,1990-06-30 00:00:00,59.5
481,1990-09-30 00:00:00,60.3
481,1990-12-31 00:00:00,61.8
481,1991-03-31 00:00:00,62.5
481,1991-06-30 00:00:00,62.9
481,1991-09-30 00:00:00,63.3
481,1991-12-31 00:00:00,63.6
481,1992-03-31 00:00:00,64.3
481,1992-06-30 00:00:00,65
481,1992-09-30 00:00:00,65.2
481,1992-12-31 00:00:00,65.6
481,1993-03-31 00:00:00,66.9
481,1993-06-30 00:00:00,67.6
481,1993-09-30 00:00:00,67.9
481,1993-12-31 00:00:00,68
481,1994-03-31 00:00:00,68.5
481,1994-06-30 00:00:00,69.4
481,1994-09-30 00:00:00,69.8
481,1994-12-31 00:00:00,70.1
481,1995-03-31 00:00:00,70.7
481,1995-06-30 00:00:00,71.6
481,1995-09-30 00:00:00,71.8
481,1995-12-31 00:00:00,71.8
481,1996-03-31 00:00:00,71.7
481,1996-06-30 00:00:00,71.7
481,1996-09-30 00:00:00,71.7
481,1996-12-31 00:00:00,71.7
481,1997-03-31 00:00:00,71.7
481,1997-06-30 00:00:00,71.7
481,1997-09-30 00:00:00,71.7
481,1997-12-31 00:00:00,71.7
481,1998-03-31 00:00:00,71.7
481,1998-06-30 00:00:00,71.7
481,1998-09-30 00:00:00,71.7
481,1998-12-31 00:00:00,71.7
481,1999-03-31 00:00:00,71.7
481,1999-06-30 00:00:00,71.7
481,1999-09-30 00:00:00,72.1
481,1999-12-31 00:00:00,72.9
481,2000-03-31 00:00:00,74.1
481,2000-06-30 00:00:00,74.4
481,2000-09-30 00:00:00,81.6
481,2000-12-31 00:00:00,81.6
481,2001-03-31 00:00:00,81.7
481,2001-06-30 00:00:00,82.5
481,2001-09-30 00:00:00,83
481,2001-12-31 00:00:00,83.4
481,2002-03-31 00:00:00,84.1
481,2002-06-30 00:00:00,87
481,2002-09-30 00:00:00,88.7
481,2002-12-31 00:00:00,89.8
481,2003-03-31 00:00:00,93.7
481,2003-06-30 00:00:00,96.4
481,2003-09-30 00:00:00,96.9
481,2003-12-31 00:00:00,98.2
481,2004-03-31 00:00:00,100.9
481,2004-06-30 00:00:00,104
481,2004-09-30 00:00:00,105.9
481,2004-12-31 00:00:00,111.5
481,2005-03-31 00:00:00,114
481,2005-06-30 00:00:00,115.1
481,2005-09-30 00:00:00,115.4
481,2005-12-31 00:00:00,115.4
481,2006-03-31 00:00:00,117.7
481,2006-06-30 00:00:00,118.8
481,2006-09-30 00:00:00,119.1
481,2006-12-31 00:00:00,119.1
481,2007-03-31 00:00:00,120
481,2007-06-30 00:00:00,123.1
481,2007-09-30 00:00:00,125.2
481,2007-12-31 00:00:00,126.5
481,2008-03-31 00:00:00,126.7
481,2008-06-30 00:00:00,128.4
481,2008-09-30 00:00:00,129.7
481,2008-12-31 00:00:00,129.7
481,2009-03-31 00:00:00,129.7
481,2009-06-30 00:00:00,130.4
481,2009-09-30 00:00:00,135.2
481,2009-12-31 00:00:00,135.4
481,2010-03-31 00:00:00,136.3
481,2010-06-30 00:00:00,136.8
481,2010-09-30 00:00:00,140.3
481,2010-12-31 00:00:00,140.3
481,2011-03-31 00:00:00,140.5
482,1986-09-30 00:00:00,41.2
482,1986-12-31 00:00:00,41.5
482,1987-03-31 00:00:00,41.8
482,1987-06-30 00:00:00,42.9
482,1987-09-30 00:00:00,42.9
482,1987-12-31 00:00:00,43.1
482,1988-03-31 00:00:00,44.3
482,1988-06-30 00:00:00,44.6
482,1988-09-30 00:00:00,44.8
482,1988-12-31 00:00:00,47.5
482,1989-03-31 00:00:00,48.8
482,1989-06-30 00:00:00,50.2
482,1989-09-30 00:00:00,50.9
482,1989-12-31 00:00:00,56.6
482,1990-03-31 00:00:00,59.6
482,1990-06-30 00:00:00,59.7
482,1990-09-30 00:00:00,59.7
482,1990-12-31 00:00:00,59.7
482,1991-03-31 00:00:00,59.7
482,1991-06-30 00:00:00,59.7
482,1991-09-30 00:00:00,60.9
482,1991-12-31 00:00:00,60.9
482,1992-03-31 00:00:00,60.9
482,1992-06-30 00:00:00,61.7
482,1992-09-30 00:00:00,62.2
482,1992-12-31 00:00:00,63.4
482,1993-03-31 00:00:00,63.4
482,1993-06-30 00:00:00,63.5
482,1993-09-30 00:00:00,64.5
482,1993-12-31 00:00:00,66.7
482,1994-03-31 00:00:00,68.8
482,1994-06-30 00:00:00,68.9
482,1994-09-30 00:00:00,70.1
482,1994-12-31 00:00:00,70.7
482,1995-03-31 00:00:00,70.9
482,1995-06-30 00:00:00,72.2
482,1995-09-30 00:00:00,73.5
482,1995-12-31 00:00:00,73.5
482,1996-03-31 00:00:00,73.7
482,1996-06-30 00:00:00,73.9
482,1996-09-30 00:00:00,76.2
482,1996-12-31 00:00:00,76.6
482,1997-03-31 00:00:00,77.6
482,1997-06-30 00:00:00,78
482,1997-09-30 00:00:00,78.1
482,1997-12-31 00:00:00,77.8
482,1998-03-31 00:00:00,77.7
482,1998-06-30 00:00:00,77.7
482,1998-09-30 00:00:00,77.9
482,1998-12-31 00:00:00,78.5
482,1999-03-31 00:00:00,78.9
482,1999-06-30 00:00:00,79.8
482,1999-09-30 00:00:00,80.2
482,1999-12-31 00:00:00,81.2
482,2000-03-31 00:00:00,81.2
482,2000-06-30 00:00:00,82
482,2000-09-30 00:00:00,89.3
482,2000-12-31 00:00:00,89.3
482,2001-03-31 00:00:00,88.8
482,2001-06-30 00:00:00,87.9
482,2001-09-30 00:00:00,88
482,2001-12-31 00:00:00,88.9
482,2002-03-31 00:00:00,90.2
482,2002-06-30 00:00:00,92.1
482,2002-09-30 00:00:00,93.3
482,2002-12-31 00:00:00,93.3
482,2003-03-31 00:00:00,96.2
482,2003-06-30 00:00:00,96.3
482,2003-09-30 00:00:00,96.4
482,2003-12-31 00:00:00,99.3
482,2004-03-31 00:00:00,100.4
482,2004-06-30 00:00:00,104
482,2004-09-30 00:00:00,106.9
482,2004-12-31 00:00:00,107.6
482,2005-03-31 00:00:00,110.1
482,2005-06-30 00:00:00,113.2
482,2005-09-30 00:00:00,114.7
482,2005-12-31 00:00:00,117.3
482,2006-03-31 00:00:00,121
482,2006-06-30 00:00:00,126
482,2006-09-30 00:00:00,130.3
482,2006-12-31 00:00:00,135.8
482,2007-03-31 00:00:00,137.7
482,2007-06-30 00:00:00,138.7
482,2007-09-30 00:00:00,142.6
482,2007-12-31 00:00:00,144.1
482,2008-03-31 00:00:00,145.4
482,2008-06-30 00:00:00,146.7
482,2008-09-30 00:00:00,149.2
482,2008-12-31 00:00:00,151.9
482,2009-03-31 00:00:00,154.2
482,2009-06-30 00:00:00,155.9
482,2009-09-30 00:00:00,156.2
482,2009-12-31 00:00:00,156.6
482,2010-03-31 00:00:00,157.8
482,2010-06-30 00:00:00,158.3
482,2010-09-30 00:00:00,160.1
482,2010-12-31 00:00:00,162.6
482,2011-03-31 00:00:00,163.3
483,1986-09-30 00:00:00,44.8
483,1986-12-31 00:00:00,45.2
483,1987-03-31 00:00:00,45.1
483,1987-06-30 00:00:00,45.1
483,1987-09-30 00:00:00,45.2
483,1987-12-31 00:00:00,45.3
483,1988-03-31 00:00:00,45.7
483,1988-06-30 00:00:00,46.1
483,1988-09-30 00:00:00,46.7
483,1988-12-31 00:00:00,48
483,1989-03-31 00:00:00,49.6
483,1989-06-30 00:00:00,51.7
483,1989-09-30 00:00:00,52.2
483,1989-12-31 00:00:00,52.9
483,1990-03-31 00:00:00,53.9
483,1990-06-30 00:00:00,55
483,1990-09-30 00:00:00,58
483,1990-12-31 00:00:00,58.6
483,1991-03-31 00:00:00,59.6
483,1991-06-30 00:00:00,60.4
483,1991-09-30 00:00:00,63.2
483,1991-12-31 00:00:00,66
483,1992-03-31 00:00:00,67
483,1992-06-30 00:00:00,68.5
483,1992-09-30 00:00:00,69.6
483,1992-12-31 00:00:00,70.4
483,1993-03-31 00:00:00,70.9
483,1993-06-30 00:00:00,71
483,1993-09-30 00:00:00,71.4
483,1993-12-31 00:00:00,71.1
483,1994-03-31 00:00:00,70.7
483,1994-06-30 00:00:00,70.5
483,1994-09-30 00:00:00,70
483,1994-12-31 00:00:00,69.5
483,1995-03-31 00:00:00,68.9
483,1995-06-30 00:00:00,68
483,1995-09-30 00:00:00,67.6
483,1995-12-31 00:00:00,66.6
483,1996-03-31 00:00:00,66.2
483,1996-06-30 00:00:00,66.3
483,1996-09-30 00:00:00,66.2
483,1996-12-31 00:00:00,66.1
483,1997-03-31 00:00:00,66.1
483,1997-06-30 00:00:00,65.8
483,1997-09-30 00:00:00,65.9
483,1997-12-31 00:00:00,65.9
483,1998-03-31 00:00:00,66.1
483,1998-06-30 00:00:00,66.1
483,1998-09-30 00:00:00,66.1
483,1998-12-31 00:00:00,66.5
483,1999-03-31 00:00:00,66.5
483,1999-06-30 00:00:00,66.9
483,1999-09-30 00:00:00,68.1
483,1999-12-31 00:00:00,69.6
483,2000-03-31 00:00:00,71.6
483,2000-06-30 00:00:00,72.8
483,2000-09-30 00:00:00,81.1
483,2000-12-31 00:00:00,81.6
483,2001-03-31 00:00:00,82.1
483,2001-06-30 00:00:00,83.7
483,2001-09-30 00:00:00,84.4
483,2001-12-31 00:00:00,86
483,2002-03-31 00:00:00,86.5
483,2002-06-30 00:00:00,88.1
483,2002-09-30 00:00:00,89
483,2002-12-31 00:00:00,90.2
483,2003-03-31 00:00:00,92
483,2003-06-30 00:00:00,95.3
483,2003-09-30 00:00:00,98.7
483,2003-12-31 00:00:00,99.8
483,2004-03-31 00:00:00,100.4
483,2004-06-30 00:00:00,101.1
483,2004-09-30 00:00:00,101.6
483,2004-12-31 00:00:00,101.6
483,2005-03-31 00:00:00,101.8
483,2005-06-30 00:00:00,102.9
483,2005-09-30 00:00:00,103.7
483,2005-12-31 00:00:00,104.9
483,2006-03-31 00:00:00,105.9
483,2006-06-30 00:00:00,106.9
483,2006-09-30 00:00:00,107.6
483,2006-12-31 00:00:00,108.3
483,2007-03-31 00:00:00,108.7
483,2007-06-30 00:00:00,109.1
483,2007-09-30 00:00:00,110.9
483,2007-12-31 00:00:00,112.1
483,2008-03-31 00:00:00,112.5
483,2008-06-30 00:00:00,113.9
483,2008-09-30 00:00:00,118.3
483,2008-12-31 00:00:00,118.2
483,2009-03-31 00:00:00,118.2
483,2009-06-30 00:00:00,119.6
483,2009-09-30 00:00:00,120.8
483,2009-12-31 00:00:00,120.8
483,2010-03-31 00:00:00,121.2
483,2010-06-30 00:00:00,122.9
483,2010-09-30 00:00:00,124.1
483,2010-12-31 00:00:00,124.1
483,2011-03-31 00:00:00,125.1
484,1986-09-30 00:00:00,45.7
484,1986-12-31 00:00:00,46.1
484,1987-03-31 00:00:00,46.7
484,1987-06-30 00:00:00,47.2
484,1987-09-30 00:00:00,47.8
484,1987-12-31 00:00:00,48.8
484,1988-03-31 00:00:00,50.1
484,1988-06-30 00:00:00,52.3
484,1988-09-30 00:00:00,55.1
484,1988-12-31 00:00:00,58
484,1989-03-31 00:00:00,60.7
484,1989-06-30 00:00:00,62.5
484,1989-09-30 00:00:00,63.8
484,1989-12-31 00:00:00,64.5
484,1990-03-31 00:00:00,64.9
484,1990-06-30 00:00:00,65.3
484,1990-09-30 00:00:00,65.7
484,1990-12-31 00:00:00,66.2
484,1991-03-31 00:00:00,66.2
484,1991-06-30 00:00:00,65.8
484,1991-09-30 00:00:00,66
484,1991-12-31 00:00:00,66
484,1992-03-31 00:00:00,66
484,1992-06-30 00:00:00,65.9
484,1992-09-30 00:00:00,66.2
484,1992-12-31 00:00:00,66.5
484,1993-03-31 00:00:00,66.6
484,1993-06-30 00:00:00,66.9
484,1993-09-30 00:00:00,68.1
484,1993-12-31 00:00:00,68
484,1994-03-31 00:00:00,68.3
484,1994-06-30 00:00:00,69.1
484,1994-09-30 00:00:00,69.4
484,1994-12-31 00:00:00,70
484,1995-03-31 00:00:00,69.8
484,1995-06-30 00:00:00,70.2
484,1995-09-30 00:00:00,70.8
484,1995-12-31 00:00:00,70.7
484,1996-03-31 00:00:00,70.7
484,1996-06-30 00:00:00,70.8
484,1996-09-30 00:00:00,70.7
484,1996-12-31 00:00:00,70.5
484,1997-03-31 00:00:00,70.6
484,1997-06-30 00:00:00,70.6
484,1997-09-30 00:00:00,71
484,1997-12-31 00:00:00,71.1
484,1998-03-31 00:00:00,71.3
484,1998-06-30 00:00:00,71.6
484,1998-09-30 00:00:00,72
484,1998-12-31 00:00:00,72.6
484,1999-03-31 00:00:00,73.5
484,1999-06-30 00:00:00,74.2
484,1999-09-30 00:00:00,75.6
484,1999-12-31 00:00:00,77.9
484,2000-03-31 00:00:00,79.1
484,2000-06-30 00:00:00,79.4
484,2000-09-30 00:00:00,86.8
484,2000-12-31 00:00:00,87.1
484,2001-03-31 00:00:00,87.3
484,2001-06-30 00:00:00,87.5
484,2001-09-30 00:00:00,88.1
484,2001-12-31 00:00:00,88.9
484,2002-03-31 00:00:00,89.5
484,2002-06-30 00:00:00,90.4
484,2002-09-30 00:00:00,91.3
484,2002-12-31 00:00:00,92.1
484,2003-03-31 00:00:00,93.5
484,2003-06-30 00:00:00,95.6
484,2003-09-30 00:00:00,97.7
484,2003-12-31 00:00:00,99.3
484,2004-03-31 00:00:00,100.7
484,2004-06-30 00:00:00,102.3
484,2004-09-30 00:00:00,103.6
484,2004-12-31 00:00:00,105.4
484,2005-03-31 00:00:00,107.1
484,2005-06-30 00:00:00,108.2
484,2005-09-30 00:00:00,109.1
484,2005-12-31 00:00:00,110
484,2006-03-31 00:00:00,110.4
484,2006-06-30 00:00:00,111.7
484,2006-09-30 00:00:00,111.9
484,2006-12-31 00:00:00,112.6
484,2007-03-31 00:00:00,113.7
484,2007-06-30 00:00:00,114.9
484,2007-09-30 00:00:00,116.2
484,2007-12-31 00:00:00,117.8
484,2008-03-31 00:00:00,119.9
484,2008-06-30 00:00:00,121.1
484,2008-09-30 00:00:00,122.8
484,2008-12-31 00:00:00,123.1
484,2009-03-31 00:00:00,122.5
484,2009-06-30 00:00:00,124.3
484,2009-09-30 00:00:00,125.9
484,2009-12-31 00:00:00,126.6
484,2010-03-31 00:00:00,127.7
484,2010-06-30 00:00:00,128.6
484,2010-09-30 00:00:00,129.2
484,2010-12-31 00:00:00,130.2
484,2011-03-31 00:00:00,131.3
485,2004-12-31 00:00:00,509.315
485,2005-01-31 00:00:00,502.038
485,2005-02-28 00:00:00,497.362
485,2005-03-31 00:00:00,495.792
485,2005-04-30 00:00:00,491.359
485,2005-05-31 00:00:00,487.137
485,2005-06-30 00:00:00,488.551
485,2005-07-31 00:00:00,486.689
485,2005-08-31 00:00:00,484.933
485,2005-09-30 00:00:00,486.94
485,2005-10-31 00:00:00,485.789
485,2005-11-30 00:00:00,487.315
485,2005-12-31 00:00:00,494.468
485,2006-01-31 00:00:00,486.75
485,2006-02-28 00:00:00,487.277
485,2006-03-31 00:00:00,487.263
485,2006-04-30 00:00:00,489.932
485,2006-05-31 00:00:00,490.536
485,2006-06-30 00:00:00,490.652
485,2006-07-31 00:00:00,491.306
485,2006-08-31 00:00:00,490.036
485,2006-09-30 00:00:00,487.616
485,2006-10-31 00:00:00,488.05
485,2006-11-30 00:00:00,489.519
485,2006-12-31 00:00:00,493.881
485,2007-01-31 00:00:00,489.281
485,2007-02-28 00:00:00,491.922
485,2007-03-31 00:00:00,495.349
485,2007-04-30 00:00:00,498.734
485,2007-05-31 00:00:00,503.74
485,2007-06-30 00:00:00,509.126
485,2007-07-31 00:00:00,513.104
485,2007-08-31 00:00:00,515.064
485,2007-09-30 00:00:00,519.155
485,2007-10-31 00:00:00,522.717
485,2007-11-30 00:00:00,524.309
485,2007-12-31 00:00:00,526.517
485,2008-01-31 00:00:00,525.095
485,2008-02-29 00:00:00,521.355
485,2008-03-31 00:00:00,518.523
485,2008-04-30 00:00:00,511.346
485,2008-05-31 00:00:00,511.79
485,2008-06-30 00:00:00,509.827
485,2008-07-31 00:00:00,509.541
485,2008-08-31 00:00:00,509.662
485,2008-09-30 00:00:00,512.103
485,2008-10-31 00:00:00,510.487
485,2008-11-30 00:00:00,510.486
485,2008-12-31 00:00:00,510.926
485,2009-01-31 00:00:00,516.478
485,2009-02-28 00:00:00,519.817
485,2009-03-31 00:00:00,523.197
485,2009-04-30 00:00:00,528.156
485,2009-05-31 00:00:00,533.22
485,2009-06-30 00:00:00,538.135
485,2009-07-31 00:00:00,542.26
485,2009-08-31 00:00:00,549.094
485,2009-09-30 00:00:00,552.056
485,2009-10-31 00:00:00,557.544
485,2009-11-30 00:00:00,563.893
485,2009-12-31 00:00:00,570.121
485,2010-01-31 00:00:00,581.903
485,2010-02-28 00:00:00,584.252
485,2010-03-31 00:00:00,590.857
485,2010-04-30 00:00:00,594.603
485,2010-05-31 00:00:00,598.32
485,2010-06-30 00:00:00,598.474
485,2010-07-31 00:00:00,599.323
485,2010-08-31 00:00:00,600.737
485,2010-09-30 00:00:00,603.277
485,2010-10-31 00:00:00,605.821
485,2010-11-30 00:00:00,602.231
485,2010-12-31 00:00:00,607.758
485,2011-01-31 00:00:00,604.691
485,2011-02-28 00:00:00,603.518
485,2011-03-31 00:00:00,600.078
485,2011-04-30 00:00:00,601.867
486,2004-12-31 00:00:00,330.477
486,2005-01-31 00:00:00,327.73
486,2005-02-28 00:00:00,329.481
486,2005-03-31 00:00:00,330.138
486,2005-04-30 00:00:00,332.167
486,2005-05-31 00:00:00,332.807
486,2005-06-30 00:00:00,332.852
486,2005-07-31 00:00:00,332.857
486,2005-08-31 00:00:00,332.175
486,2005-09-30 00:00:00,333.678
486,2005-10-31 00:00:00,335.236
486,2005-11-30 00:00:00,337.695
486,2005-12-31 00:00:00,339.66
486,2006-01-31 00:00:00,340.981
486,2006-02-28 00:00:00,341.943
486,2006-03-31 00:00:00,343.784
486,2006-04-30 00:00:00,344.754
486,2006-05-31 00:00:00,348.314
486,2006-06-30 00:00:00,347.765
486,2006-07-31 00:00:00,351.305
486,2006-08-31 00:00:00,350.982
486,2006-09-30 00:00:00,351.994
486,2006-10-31 00:00:00,351.75
486,2006-11-30 00:00:00,354.391
486,2006-12-31 00:00:00,357.863
486,2007-01-31 00:00:00,362.601
486,2007-02-28 00:00:00,365.467
486,2007-03-31 00:00:00,371.144
486,2007-04-30 00:00:00,378.272
486,2007-05-31 00:00:00,385.151
486,2007-06-30 00:00:00,395.194
486,2007-07-31 00:00:00,399.739
486,2007-08-31 00:00:00,408.559
486,2007-09-30 00:00:00,413.856
486,2007-10-31 00:00:00,423.014
486,2007-11-30 00:00:00,425.948
486,2007-12-31 00:00:00,431.836
486,2008-01-31 00:00:00,433.88
486,2008-02-29 00:00:00,437.543
486,2008-03-31 00:00:00,433.842
486,2008-04-30 00:00:00,429.877
486,2008-05-31 00:00:00,429.44
486,2008-06-30 00:00:00,430.106
486,2008-07-31 00:00:00,426.365
486,2008-08-31 00:00:00,427.402
486,2008-09-30 00:00:00,429.545
486,2008-10-31 00:00:00,426.314
486,2008-11-30 00:00:00,427.584
486,2008-12-31 00:00:00,423.823
486,2009-01-31 00:00:00,429.671
486,2009-02-28 00:00:00,433.378
486,2009-03-31 00:00:00,435.964
486,2009-04-30 00:00:00,444.26
486,2009-05-31 00:00:00,451.261
486,2009-06-30 00:00:00,457.415
486,2009-07-31 00:00:00,467.406
486,2009-08-31 00:00:00,472.436
486,2009-09-30 00:00:00,478.993
486,2009-10-31 00:00:00,488.034
486,2009-11-30 00:00:00,495.307
486,2009-12-31 00:00:00,498.171
486,2010-01-31 00:00:00,513.256
486,2010-02-28 00:00:00,523.056
486,2010-03-31 00:00:00,531.397
486,2010-04-30 00:00:00,535.806
486,2010-05-31 00:00:00,544.107
486,2010-06-30 00:00:00,538.215
486,2010-07-31 00:00:00,540.891
486,2010-08-31 00:00:00,541.392
486,2010-09-30 00:00:00,544.431
486,2010-10-31 00:00:00,546.285
486,2010-11-30 00:00:00,548.714
486,2010-12-31 00:00:00,547.512
486,2011-01-31 00:00:00,537.805
486,2011-02-28 00:00:00,536.829
486,2011-03-31 00:00:00,535.621
486,2011-04-30 00:00:00,533.552
487,2004-12-31 00:00:00,317.629
487,2005-01-31 00:00:00,317.567
487,2005-02-28 00:00:00,318.655
487,2005-03-31 00:00:00,317.794
487,2005-04-30 00:00:00,316.827
487,2005-05-31 00:00:00,319.407
487,2005-06-30 00:00:00,320.774
487,2005-07-31 00:00:00,318.962
487,2005-08-31 00:00:00,320.317
487,2005-09-30 00:00:00,321.142
487,2005-10-31 00:00:00,322.862
487,2005-11-30 00:00:00,325.193
487,2005-12-31 00:00:00,326.711
487,2006-01-31 00:00:00,325.518
487,2006-02-28 00:00:00,329.926
487,2006-03-31 00:00:00,331.228
487,2006-04-30 00:00:00,334.363
487,2006-05-31 00:00:00,337.019
487,2006-06-30 00:00:00,339.11
487,2006-07-31 00:00:00,342.528
487,2006-08-31 00:00:00,342.077
487,2006-09-30 00:00:00,343.897
487,2006-10-31 00:00:00,347.082
487,2006-11-30 00:00:00,349.36
487,2006-12-31 00:00:00,350.916
487,2007-01-31 00:00:00,361.887
487,2007-02-28 00:00:00,365.889
487,2007-03-31 00:00:00,373.854
487,2007-04-30 00:00:00,382.354
487,2007-05-31 00:00:00,388.213
487,2007-06-30 00:00:00,396.239
487,2007-07-31 00:00:00,402.917
487,2007-08-31 00:00:00,410.121
487,2007-09-30 00:00:00,416.047
487,2007-10-31 00:00:00,423.024
487,2007-11-30 00:00:00,431.668
487,2007-12-31 00:00:00,436.081
487,2008-01-31 00:00:00,437.938
487,2008-02-29 00:00:00,443.754
487,2008-03-31 00:00:00,437.262
487,2008-04-30 00:00:00,437.298
487,2008-05-31 00:00:00,434.148
487,2008-06-30 00:00:00,429.498
487,2008-07-31 00:00:00,427.619
487,2008-08-31 00:00:00,428.227
487,2008-09-30 00:00:00,428.611
487,2008-10-31 00:00:00,425.434
487,2008-11-30 00:00:00,423.896
487,2008-12-31 00:00:00,423.622
487,2009-01-31 00:00:00,423.285
487,2009-02-28 00:00:00,424.302
487,2009-03-31 00:00:00,427.908
487,2009-04-30 00:00:00,429.974
487,2009-05-31 00:00:00,435.139
487,2009-06-30 00:00:00,439.035
487,2009-07-31 00:00:00,444.145
487,2009-08-31 00:00:00,446.309
487,2009-09-30 00:00:00,445.626
487,2009-10-31 00:00:00,453.352
487,2009-11-30 00:00:00,453.348
487,2009-12-31 00:00:00,452.365
487,2010-01-31 00:00:00,457.788
487,2010-02-28 00:00:00,460.1
487,2010-03-31 00:00:00,461.087
487,2010-04-30 00:00:00,460.258
487,2010-05-31 00:00:00,460.123
487,2010-06-30 00:00:00,459.779
487,2010-07-31 00:00:00,457.227
487,2010-08-31 00:00:00,454.605
487,2010-09-30 00:00:00,452.571
487,2010-10-31 00:00:00,452.392
487,2010-11-30 00:00:00,450.425
487,2010-12-31 00:00:00,448.523
487,2011-01-31 00:00:00,442.428
487,2011-02-28 00:00:00,438.53
487,2011-03-31 00:00:00,432.504
487,2011-04-30 00:00:00,428.744
488,2004-12-31 00:00:00,281.777
488,2005-01-31 00:00:00,279.957
488,2005-02-28 00:00:00,283.366
488,2005-03-31 00:00:00,280.959
488,2005-04-30 00:00:00,282.933
488,2005-05-31 00:00:00,289.361
488,2005-06-30 00:00:00,282.812
488,2005-07-31 00:00:00,281.208
488,2005-08-31 00:00:00,285.824
488,2005-09-30 00:00:00,285.292
488,2005-10-31 00:00:00,284.466
488,2005-11-30 00:00:00,286.767
488,2005-12-31 00:00:00,290.983
488,2006-01-31 00:00:00,292.499
488,2006-02-28 00:00:00,292.982
488,2006-03-31 00:00:00,294.873
488,2006-04-30 00:00:00,296.862
488,2006-05-31 00:00:00,302.651
488,2006-06-30 00:00:00,299.723
488,2006-07-31 00:00:00,302.228
488,2006-08-31 00:00:00,300.026
488,2006-09-30 00:00:00,302.134
488,2006-10-31 00:00:00,304.754
488,2006-11-30 00:00:00,306.318
488,2006-12-31 00:00:00,306.988
488,2007-01-31 00:00:00,315.427
488,2007-02-28 00:00:00,316.705
488,2007-03-31 00:00:00,321.509
488,2007-04-30 00:00:00,324.207
488,2007-05-31 00:00:00,329.985
488,2007-06-30 00:00:00,339.574
488,2007-07-31 00:00:00,346.188
488,2007-08-31 00:00:00,354.29
488,2007-09-30 00:00:00,363.318
488,2007-10-31 00:00:00,366.261
488,2007-11-30 00:00:00,372.494
488,2007-12-31 00:00:00,380.131
488,2008-01-31 00:00:00,385.881
488,2008-02-29 00:00:00,389.825
488,2008-03-31 00:00:00,393.954
488,2008-04-30 00:00:00,396.565
488,2008-05-31 00:00:00,396.35
488,2008-06-30 00:00:00,394.821
488,2008-07-31 00:00:00,392.219
488,2008-08-31 00:00:00,392.048
488,2008-09-30 00:00:00,392.564
488,2008-10-31 00:00:00,392.405
488,2008-11-30 00:00:00,392.403
488,2008-12-31 00:00:00,392.287
488,2009-01-31 00:00:00,387.588
488,2009-02-28 00:00:00,390.332
488,2009-03-31 00:00:00,393.091
488,2009-04-30 00:00:00,394.691
488,2009-05-31 00:00:00,395.286
488,2009-06-30 00:00:00,398.177
488,2009-07-31 00:00:00,401.219
488,2009-08-31 00:00:00,410.546
488,2009-09-30 00:00:00,407.845
488,2009-10-31 00:00:00,411.204
488,2009-11-30 00:00:00,417.006
488,2009-12-31 00:00:00,418.635
488,2010-01-31 00:00:00,422.041
488,2010-02-28 00:00:00,425.749
488,2010-03-31 00:00:00,425.036
488,2010-04-30 00:00:00,428.807
488,2010-05-31 00:00:00,436.811
488,2010-06-30 00:00:00,432.862
488,2010-07-31 00:00:00,434.885
488,2010-08-31 00:00:00,435.252
488,2010-09-30 00:00:00,431.837
488,2010-10-31 00:00:00,435.363
488,2010-11-30 00:00:00,432.111
488,2010-12-31 00:00:00,431.916
488,2011-01-31 00:00:00,429.786
488,2011-02-28 00:00:00,428.039
488,2011-03-31 00:00:00,425.03
488,2011-04-30 00:00:00,420.011
489,2004-12-31 00:00:00,292.884
489,2005-01-31 00:00:00,296.962
489,2005-02-28 00:00:00,301.898
489,2005-03-31 00:00:00,304.578
489,2005-04-30 00:00:00,308.815
489,2005-05-31 00:00:00,311.422
489,2005-06-30 00:00:00,315.986
489,2005-07-31 00:00:00,319.833
489,2005-08-31 00:00:00,327.12
489,2005-09-30 00:00:00,333.999
489,2005-10-31 00:00:00,342.5
489,2005-11-30 00:00:00,351.785
489,2005-12-31 00:00:00,359.37
489,2006-01-31 00:00:00,376.1
489,2006-02-28 00:00:00,387.332
489,2006-03-31 00:00:00,405.536
489,2006-04-30 00:00:00,420.679
489,2006-05-31 00:00:00,439.914
489,2006-06-30 00:00:00,454.5
489,2006-07-31 00:00:00,464.139
489,2006-08-31 00:00:00,470.41
489,2006-09-30 00:00:00,473.402
489,2006-10-31 00:00:00,480.318
489,2006-11-30 00:00:00,476.401
489,2006-12-31 00:00:00,483.098
489,2007-01-31 00:00:00,486.147
489,2007-02-28 00:00:00,486.78
489,2007-03-31 00:00:00,489.026
489,2007-04-30 00:00:00,485.934
489,2007-05-31 00:00:00,489.035
489,2007-06-30 00:00:00,492.841
489,2007-07-31 00:00:00,495.403
489,2007-08-31 00:00:00,497.928
489,2007-09-30 00:00:00,501.447
489,2007-10-31 00:00:00,500.065
489,2007-11-30 00:00:00,504.597
489,2007-12-31 00:00:00,508.257
489,2008-01-31 00:00:00,499.57
489,2008-02-29 00:00:00,499.251
489,2008-03-31 00:00:00,491.115
489,2008-04-30 00:00:00,491.066
489,2008-05-31 00:00:00,485.419
489,2008-06-30 00:00:00,482.247
489,2008-07-31 00:00:00,481.87
489,2008-08-31 00:00:00,473.254
489,2008-09-30 00:00:00,478.182
489,2008-10-31 00:00:00,472.287
489,2008-11-30 00:00:00,470.704
489,2008-12-31 00:00:00,468.727
489,2009-01-31 00:00:00,469.31
489,2009-02-28 00:00:00,469.827
489,2009-03-31 00:00:00,473.303
489,2009-04-30 00:00:00,476.399
489,2009-05-31 00:00:00,480.184
489,2009-06-30 00:00:00,484.77
489,2009-07-31 00:00:00,486.075
489,2009-08-31 00:00:00,494.975
489,2009-09-30 00:00:00,498.882
489,2009-10-31 00:00:00,506.677
489,2009-11-30 00:00:00,511.491
489,2009-12-31 00:00:00,518.563
489,2010-01-31 00:00:00,522.825
489,2010-02-28 00:00:00,525.352
489,2010-03-31 00:00:00,527.038
489,2010-04-30 00:00:00,529.75
489,2010-05-31 00:00:00,528.607
489,2010-06-30 00:00:00,524.362
489,2010-07-31 00:00:00,523.233
489,2010-08-31 00:00:00,519.882
489,2010-09-30 00:00:00,519.524
489,2010-10-31 00:00:00,517.296
489,2010-11-30 00:00:00,512.827
489,2010-12-31 00:00:00,512.016
489,2011-01-31 00:00:00,507.323
489,2011-02-28 00:00:00,510.373
489,2011-03-31 00:00:00,501.064
489,2011-04-30 00:00:00,492.184
490,2004-12-31 00:00:00,220.96
490,2005-01-31 00:00:00,234.931
490,2005-02-28 00:00:00,231.045
490,2005-03-31 00:00:00,239.72
490,2005-04-30 00:00:00,236.793
490,2005-05-31 00:00:00,246.877
490,2005-06-30 00:00:00,243.63
490,2005-07-31 00:00:00,264.028
490,2005-08-31 00:00:00,255.646
490,2005-09-30 00:00:00,263.958
490,2005-10-31 00:00:00,266.051
490,2005-11-30 00:00:00,279.251
490,2005-12-31 00:00:00,271.308
490,2006-01-31 00:00:00,283.77
490,2006-02-28 00:00:00,289.043
490,2006-03-31 00:00:00,289.954
490,2006-04-30 00:00:00,301.082
490,2006-05-31 00:00:00,300.313
490,2006-06-30 00:00:00,316.244
490,2006-07-31 00:00:00,313.195
490,2006-08-31 00:00:00,330.368
490,2006-09-30 00:00:00,322.649
490,2006-10-31 00:00:00,332.057
490,2006-11-30 00:00:00,335.661
490,2006-12-31 00:00:00,328.854
490,2007-01-31 00:00:00,334.225
490,2007-02-28 00:00:00,343.765
490,2007-03-31 00:00:00,344.612
490,2007-04-30 00:00:00,349.559
490,2007-05-31 00:00:00,354.233
490,2007-06-30 00:00:00,358.736
490,2007-07-31 00:00:00,362.649
490,2007-08-31 00:00:00,366.821
490,2007-09-30 00:00:00,371.029
490,2007-10-31 00:00:00,369.766
490,2007-11-30 00:00:00,367.006
490,2007-12-31 00:00:00,380.808
490,2008-01-31 00:00:00,381.825
490,2008-02-29 00:00:00,385.533
490,2008-03-31 00:00:00,394.825
490,2008-04-30 00:00:00,388.074
490,2008-05-31 00:00:00,389.783
490,2008-06-30 00:00:00,398.995
490,2008-07-31 00:00:00,389.034
490,2008-08-31 00:00:00,392.591
490,2008-09-30 00:00:00,397.432
490,2008-10-31 00:00:00,401.673
490,2008-11-30 00:00:00,408.065
490,2008-12-31 00:00:00,423.085
490,2009-01-31 00:00:00,427.809
490,2009-02-28 00:00:00,427.034
490,2009-03-31 00:00:00,432.211
490,2009-04-30 00:00:00,442.231
490,2009-05-31 00:00:00,449.114
490,2009-06-30 00:00:00,452.153
490,2009-07-31 00:00:00,463.865
490,2009-08-31 00:00:00,465.997
490,2009-09-30 00:00:00,470.537
490,2009-10-31 00:00:00,474.414
490,2009-11-30 00:00:00,486.021
490,2009-12-31 00:00:00,488.17
490,2010-01-31 00:00:00,495.872
490,2010-02-28 00:00:00,506.428
490,2010-03-31 00:00:00,503.644
490,2010-04-30 00:00:00,505.626
490,2010-05-31 00:00:00,514.14
490,2010-06-30 00:00:00,510.505
490,2010-07-31 00:00:00,521.129
490,2010-08-31 00:00:00,513.096
490,2010-09-30 00:00:00,514.989
490,2010-10-31 00:00:00,515.122
490,2010-11-30 00:00:00,525.128
490,2010-12-31 00:00:00,505.316
490,2011-01-31 00:00:00,503.078
490,2011-02-28 00:00:00,487.179
490,2011-03-31 00:00:00,490.355
490,2011-04-30 00:00:00,501.963
491,2004-12-31 00:00:00,353.613
491,2005-01-31 00:00:00,361.455
491,2005-02-28 00:00:00,353.328
491,2005-03-31 00:00:00,355.621
491,2005-04-30 00:00:00,351.345
491,2005-05-31 00:00:00,350.78
491,2005-06-30 00:00:00,357.103
491,2005-07-31 00:00:00,356.466
491,2005-08-31 00:00:00,347.422
491,2005-09-30 00:00:00,355.873
491,2005-10-31 00:00:00,356.825
491,2005-11-30 00:00:00,361.38
491,2005-12-31 00:00:00,359.584
491,2006-01-31 00:00:00,362.831
491,2006-02-28 00:00:00,365.113
491,2006-03-31 00:00:00,370.001
491,2006-04-30 00:00:00,364.613
491,2006-05-31 00:00:00,373.635
491,2006-06-30 00:00:00,379.381
491,2006-07-31 00:00:00,382.333
491,2006-08-31 00:00:00,395.264
491,2006-09-30 00:00:00,393.768
491,2006-10-31 00:00:00,396.193
491,2006-11-30 00:00:00,392.61
491,2006-12-31 00:00:00,395.855
491,2007-01-31 00:00:00,406.923
491,2007-02-28 00:00:00,413.561
491,2007-03-31 00:00:00,410.836
491,2007-04-30 00:00:00,424.344
491,2007-05-31 00:00:00,427.561
491,2007-06-30 00:00:00,428.891
491,2007-07-31 00:00:00,440.518
491,2007-08-31 00:00:00,444.033
491,2007-09-30 00:00:00,453.595
491,2007-10-31 00:00:00,455.918
491,2007-11-30 00:00:00,456.905
491,2007-12-31 00:00:00,460.017
491,2008-01-31 00:00:00,455.512
491,2008-02-29 00:00:00,457.383
491,2008-03-31 00:00:00,466.45
491,2008-04-30 00:00:00,454.834
491,2008-05-31 00:00:00,464.457
491,2008-06-30 00:00:00,456.583
491,2008-07-31 00:00:00,447.845
491,2008-08-31 00:00:00,445.492
491,2008-09-30 00:00:00,448.578
491,2008-10-31 00:00:00,446.692
491,2008-11-30 00:00:00,448.017
491,2008-12-31 00:00:00,454.125
491,2009-01-31 00:00:00,453.273
491,2009-02-28 00:00:00,453.028
491,2009-03-31 00:00:00,455.763
491,2009-04-30 00:00:00,465.857
491,2009-05-31 00:00:00,464.937
491,2009-06-30 00:00:00,471.27
491,2009-07-31 00:00:00,481.857
491,2009-08-31 00:00:00,486.763
491,2009-09-30 00:00:00,483.423
491,2009-10-31 00:00:00,493.199
491,2009-11-30 00:00:00,501.181
491,2009-12-31 00:00:00,511.056
491,2010-01-31 00:00:00,513.09
491,2010-02-28 00:00:00,516.622
491,2010-03-31 00:00:00,521.005
491,2010-04-30 00:00:00,525.943
491,2010-05-31 00:00:00,527.565
491,2010-06-30 00:00:00,526.795
491,2010-07-31 00:00:00,525.519
491,2010-08-31 00:00:00,529.828
491,2010-09-30 00:00:00,528.482
491,2010-10-31 00:00:00,533.177
491,2010-11-30 00:00:00,531.833
491,2010-12-31 00:00:00,523.096
491,2011-01-31 00:00:00,525.453
491,2011-02-28 00:00:00,532.718
491,2011-03-31 00:00:00,522.154
491,2011-04-30 00:00:00,529.636
492,2004-12-31 00:00:00,376.851
492,2005-01-31 00:00:00,375.094
492,2005-02-28 00:00:00,374.22
492,2005-03-31 00:00:00,374.389
492,2005-04-30 00:00:00,374.117
492,2005-05-31 00:00:00,373.637
492,2005-06-30 00:00:00,374.487
492,2005-07-31 00:00:00,374.284
492,2005-08-31 00:00:00,374.537
492,2005-09-30 00:00:00,376.644
492,2005-10-31 00:00:00,378.12
492,2005-11-30 00:00:00,381.395
492,2005-12-31 00:00:00,385.655
492,2006-01-31 00:00:00,385.972
492,2006-02-28 00:00:00,387.997
492,2006-03-31 00:00:00,391.447
492,2006-04-30 00:00:00,395.169
492,2006-05-31 00:00:00,399.331
492,2006-06-30 00:00:00,401.307
492,2006-07-31 00:00:00,404.677
492,2006-08-31 00:00:00,405.005
492,2006-09-30 00:00:00,405.131
492,2006-10-31 00:00:00,406.856
492,2006-11-30 00:00:00,408.216
492,2006-12-31 00:00:00,411.98
492,2007-01-31 00:00:00,414.905
492,2007-02-28 00:00:00,417.046
492,2007-03-31 00:00:00,421.853
492,2007-04-30 00:00:00,426.746
492,2007-05-31 00:00:00,431.663
492,2007-06-30 00:00:00,438.847
492,2007-07-31 00:00:00,443.918
492,2007-08-31 00:00:00,449.205
492,2007-09-30 00:00:00,454.45
492,2007-10-31 00:00:00,459.254
492,2007-11-30 00:00:00,463.193
492,2007-12-31 00:00:00,468.195
492,2008-01-31 00:00:00,467.574
492,2008-02-29 00:00:00,468.081
492,2008-03-31 00:00:00,465.291
492,2008-04-30 00:00:00,461.978
492,2008-05-31 00:00:00,460.611
492,2008-06-30 00:00:00,458.765
492,2008-07-31 00:00:00,457.016
492,2008-08-31 00:00:00,456.261
492,2008-09-30 00:00:00,458.577
492,2008-10-31 00:00:00,455.734
492,2008-11-30 00:00:00,456.044
492,2008-12-31 00:00:00,455.979
492,2009-01-31 00:00:00,458.421
492,2009-02-28 00:00:00,460.282
492,2009-03-31 00:00:00,463.93
492,2009-04-30 00:00:00,469.344
492,2009-05-31 00:00:00,473.709
492,2009-06-30 00:00:00,478.519
492,2009-07-31 00:00:00,484.534
492,2009-08-31 00:00:00,490.531
492,2009-09-30 00:00:00,493.553
492,2009-10-31 00:00:00,500.247
492,2009-11-30 00:00:00,506.119
492,2009-12-31 00:00:00,511.353
492,2010-01-31 00:00:00,520.253
492,2010-02-28 00:00:00,524.11
492,2010-03-31 00:00:00,529.651
492,2010-04-30 00:00:00,533.119
492,2010-05-31 00:00:00,536.84
492,2010-06-30 00:00:00,534.084
492,2010-07-31 00:00:00,535.17
492,2010-08-31 00:00:00,535.087
492,2010-09-30 00:00:00,536.228
492,2010-10-31 00:00:00,537.404
492,2010-11-30 00:00:00,536.117
492,2010-12-31 00:00:00,538.345
492,2011-01-31 00:00:00,531.768
492,2011-02-28 00:00:00,529.961
492,2011-03-31 00:00:00,526.658
492,2011-04-30 00:00:00,525.145
493,2004-12-31 00:00:00,248.529
493,2005-01-31 00:00:00,249.333
493,2005-02-28 00:00:00,249.6
493,2005-03-31 00:00:00,251.068
493,2005-04-30 00:00:00,249.289
493,2005-05-31 00:00:00,250.163
493,2005-06-30 00:00:00,252.818
493,2005-07-31 00:00:00,250.74
493,2005-08-31 00:00:00,258.391
493,2005-09-30 00:00:00,254.505
493,2005-10-31 00:00:00,257.239
493,2005-11-30 00:00:00,255.888
493,2005-12-31 00:00:00,264.03
493,2006-01-31 00:00:00,266.264
493,2006-02-28 00:00:00,271.41
493,2006-03-31 00:00:00,271.255
493,2006-04-30 00:00:00,280.116
493,2006-05-31 00:00:00,284.076
493,2006-06-30 00:00:00,281.737
493,2006-07-31 00:00:00,283.868
493,2006-08-31 00:00:00,280.548
493,2006-09-30 00:00:00,281.448
493,2006-10-31 00:00:00,280.166
493,2006-11-30 00:00:00,282.836
493,2006-12-31 00:00:00,285.728
493,2007-01-31 00:00:00,286.44
493,2007-02-28 00:00:00,286.66
493,2007-03-31 00:00:00,282.084
493,2007-04-30 00:00:00,293.132
493,2007-05-31 00:00:00,303.285
493,2007-06-30 00:00:00,284.364
493,2007-07-31 00:00:00,303.409
493,2007-08-31 00:00:00,295.339
493,2007-09-30 00:00:00,312.714
493,2007-10-31 00:00:00,300.333
493,2007-11-30 00:00:00,307.428
493,2007-12-31 00:00:00,305.539
493,2008-01-31 00:00:00,307.402
493,2008-02-29 00:00:00,312.816
493,2008-03-31 00:00:00,307.999
493,2008-04-30 00:00:00,302.306
493,2008-05-31 00:00:00,300.99
493,2008-06-30 00:00:00,303.675
493,2008-07-31 00:00:00,300.864
493,2008-08-31 00:00:00,303.474
493,2008-09-30 00:00:00,303.329
493,2008-10-31 00:00:00,304.49
493,2008-11-30 00:00:00,301.506
493,2008-12-31 00:00:00,302.022
493,2009-01-31 00:00:00,304.332
493,2009-02-28 00:00:00,306.112
493,2009-03-31 00:00:00,308.251
493,2009-04-30 00:00:00,315.268
493,2009-05-31 00:00:00,325.25
493,2009-06-30 00:00:00,323.417
493,2009-07-31 00:00:00,316.832
493,2009-08-31 00:00:00,330.72
493,2009-09-30 00:00:00,332.486
493,2009-10-31 00:00:00,344.636
493,2009-11-30 00:00:00,339.733
493,2009-12-31 00:00:00,339.981
493,2010-01-31 00:00:00,345.202
493,2010-02-28 00:00:00,340.895
493,2010-03-31 00:00:00,344.846
493,2010-04-30 00:00:00,342.593
493,2010-05-31 00:00:00,342.117
493,2010-06-30 00:00:00,343.752
493,2010-07-31 00:00:00,346.396
493,2010-08-31 00:00:00,343.842
493,2010-09-30 00:00:00,343.407
493,2010-10-31 00:00:00,341.525
493,2010-11-30 00:00:00,341.158
493,2010-12-31 00:00:00,341.42
493,2011-01-31 00:00:00,331.126
493,2011-02-28 00:00:00,330.16
493,2011-03-31 00:00:00,334.758
494,2005-01-31 00:00:00,265.9413699
494,2005-02-28 00:00:00,268.0664288
494,2005-03-31 00:00:00,267.9923279
494,2005-04-30 00:00:00,273.6076381
494,2005-05-31 00:00:00,268
494,2005-06-30 00:00:00,271.0856057
494,2005-07-31 00:00:00,270.6369483
494,2005-08-31 00:00:00,264.8320457
494,2005-09-30 00:00:00,268.9635303
494,2005-10-31 00:00:00,268.1685743
494,2005-11-30 00:00:00,268.8184977
494,2005-12-31 00:00:00,269.0556962
494,2006-01-31 00:00:00,273.6498192
494,2006-02-28 00:00:00,272.745921
494,2006-03-31 00:00:00,274.2732173
494,2006-04-30 00:00:00,272.0929774
494,2006-05-31 00:00:00,272.4449117
494,2006-06-30 00:00:00,271.6546363
494,2006-07-31 00:00:00,274.3773563
494,2006-08-31 00:00:00,271.8429423
494,2006-09-30 00:00:00,271.0679944
494,2006-10-31 00:00:00,274.5569993
494,2006-11-30 00:00:00,272.6568709
494,2006-12-31 00:00:00,273.0264642
494,2007-01-31 00:00:00,279.3397891
494,2007-02-28 00:00:00,280.3060676
494,2007-03-31 00:00:00,282.2955224
494,2007-04-30 00:00:00,284.340202
494,2007-05-31 00:00:00,282.9206002
494,2007-06-30 00:00:00,284.9383697
494,2007-07-31 00:00:00,286.536181
494,2007-08-31 00:00:00,286.4945429
494,2007-09-30 00:00:00,288.1033088
494,2007-10-31 00:00:00,291.1035447
494,2007-11-30 00:00:00,294.6669684
494,2007-12-31 00:00:00,292.7522983
494,2008-01-31 00:00:00,293.014108
494,2008-02-29 00:00:00,295.4665438
494,2008-03-31 00:00:00,290.3100296
494,2008-04-30 00:00:00,293.0893342
494,2008-05-31 00:00:00,288.856476
494,2008-06-30 00:00:00,285.6315608
494,2008-07-31 00:00:00,282.6648882
494,2008-08-31 00:00:00,286.8881767
494,2008-09-30 00:00:00,281.8975025
494,2008-10-31 00:00:00,282.3910662
494,2008-11-30 00:00:00,281.481485
494,2008-12-31 00:00:00,279.3158466
494,2009-01-31 00:00:00,287.713614
494,2009-02-28 00:00:00,289.1483605
494,2009-03-31 00:00:00,292.2789538
494,2009-04-30 00:00:00,295.338362
494,2009-05-31 00:00:00,291.8460538
494,2009-06-30 00:00:00,296.1397923
494,2009-07-31 00:00:00,295.901742
494,2009-08-31 00:00:00,298.5962907
494,2009-09-30 00:00:00,296.1729457
494,2009-10-31 00:00:00,305.466141
494,2009-11-30 00:00:00,304.3407437
494,2009-12-31 00:00:00,309.181137
494,2010-01-31 00:00:00,313.6092893
494,2010-02-28 00:00:00,315.1619148
494,2010-03-31 00:00:00,314.8774783
494,2010-04-30 00:00:00,316.6710621
494,2010-05-31 00:00:00,314.5346905
494,2010-06-30 00:00:00,317.0669647
494,2010-07-31 00:00:00,313.530924
494,2010-08-31 00:00:00,314.8125112
494,2010-09-30 00:00:00,315.5567197
494,2010-10-31 00:00:00,318.3409348
494,2010-11-30 00:00:00,318.1506097
494,2010-12-31 00:00:00,317.7579492
494,2011-01-31 00:00:00,318.5448557
494,2011-02-28 00:00:00,317.0164916
494,2011-03-31 00:00:00,317.9730004
494,2011-04-30 00:00:00,319.5551485
495,2005-01-31 00:00:00,204.0358279
495,2005-02-28 00:00:00,204.0301249
495,2005-03-31 00:00:00,206.1395638
495,2005-04-30 00:00:00,205.5952749
495,2005-05-31 00:00:00,203
495,2005-06-30 00:00:00,204.4174039
495,2005-07-31 00:00:00,200.7987662
495,2005-08-31 00:00:00,201.102477
495,2005-09-30 00:00:00,203.1099331
495,2005-10-31 00:00:00,207.3530977
495,2005-11-30 00:00:00,207.6791801
495,2005-12-31 00:00:00,207.1064897
495,2006-01-31 00:00:00,212.884551
495,2006-02-28 00:00:00,208.870516
495,2006-03-31 00:00:00,211.6323291
495,2006-04-30 00:00:00,210.1759352
495,2006-05-31 00:00:00,212.129482
495,2006-06-30 00:00:00,207.5857048
495,2006-07-31 00:00:00,211.7214862
495,2006-08-31 00:00:00,210.4976824
495,2006-09-30 00:00:00,211.6688219
495,2006-10-31 00:00:00,211.5875571
495,2006-11-30 00:00:00,214.7676092
495,2006-12-31 00:00:00,211.0187419
495,2007-01-31 00:00:00,217.3641512
495,2007-02-28 00:00:00,215.9153173
495,2007-03-31 00:00:00,216.3832261
495,2007-04-30 00:00:00,217.9122701
495,2007-05-31 00:00:00,217.8136982
495,2007-06-30 00:00:00,219.0521827
495,2007-07-31 00:00:00,218.5568074
495,2007-08-31 00:00:00,220.6649287
495,2007-09-30 00:00:00,221.2574599
495,2007-10-31 00:00:00,224.4380314
495,2007-11-30 00:00:00,225.0431944
495,2007-12-31 00:00:00,225.1135389
495,2008-01-31 00:00:00,226.6119462
495,2008-02-29 00:00:00,225.6079153
495,2008-03-31 00:00:00,227.9633073
495,2008-04-30 00:00:00,224.6085292
495,2008-05-31 00:00:00,224.3803632
495,2008-06-30 00:00:00,222.0298697
495,2008-07-31 00:00:00,221.0794804
495,2008-08-31 00:00:00,224.1934208
495,2008-09-30 00:00:00,222.8734858
495,2008-10-31 00:00:00,224.6330367
495,2008-11-30 00:00:00,222.3792155
495,2008-12-31 00:00:00,220.4883087
495,2009-01-31 00:00:00,224.3029513
495,2009-02-28 00:00:00,227.1851924
495,2009-03-31 00:00:00,230.7480222
495,2009-04-30 00:00:00,230.8381367
495,2009-05-31 00:00:00,231.324743
495,2009-06-30 00:00:00,232.5451609
495,2009-07-31 00:00:00,234.5121552
495,2009-08-31 00:00:00,238.2965332
495,2009-09-30 00:00:00,235.8677726
495,2009-10-31 00:00:00,243.8354318
495,2009-11-30 00:00:00,242.5486332
495,2009-12-31 00:00:00,243.6691728
495,2010-01-31 00:00:00,254.2104327
495,2010-02-28 00:00:00,256.0886608
495,2010-03-31 00:00:00,255.5233929
495,2010-04-30 00:00:00,258.4788248
495,2010-05-31 00:00:00,257.975369
495,2010-06-30 00:00:00,259.513071
495,2010-07-31 00:00:00,258.5368702
495,2010-08-31 00:00:00,263.3946489
495,2010-09-30 00:00:00,263.2119013
495,2010-10-31 00:00:00,267.2899697
495,2010-11-30 00:00:00,267.6607644
495,2010-12-31 00:00:00,269.3561667
495,2011-01-31 00:00:00,269.7937869
495,2011-02-28 00:00:00,269.0868152
495,2011-03-31 00:00:00,270.7237093
495,2011-04-30 00:00:00,261.241058
496,2005-01-31 00:00:00,269.9812829
496,2005-02-28 00:00:00,273.4587389
496,2005-03-31 00:00:00,274.9760201
496,2005-04-30 00:00:00,275.2336593
496,2005-05-31 00:00:00,275
496,2005-06-30 00:00:00,275.9663817
496,2005-07-31 00:00:00,278.7302378
496,2005-08-31 00:00:00,277.3095778
496,2005-09-30 00:00:00,282.0227717
496,2005-10-31 00:00:00,283.8099845
496,2005-11-30 00:00:00,285.0324509
496,2005-12-31 00:00:00,283.5836376
496,2006-01-31 00:00:00,291.3534085
496,2006-02-28 00:00:00,292.5673864
496,2006-03-31 00:00:00,295.0623783
496,2006-04-30 00:00:00,296.8092208
496,2006-05-31 00:00:00,299.0599147
496,2006-06-30 00:00:00,302.0882631
496,2006-07-31 00:00:00,301.6814871
496,2006-08-31 00:00:00,304.0550809
496,2006-09-30 00:00:00,308.3575001
496,2006-10-31 00:00:00,311.4740614
496,2006-11-30 00:00:00,313.9860772
496,2006-12-31 00:00:00,316.1334781
496,2007-01-31 00:00:00,324.4387057
496,2007-02-28 00:00:00,327.74919
496,2007-03-31 00:00:00,330.5676507
496,2007-04-30 00:00:00,334.3593934
496,2007-05-31 00:00:00,339.9932876
496,2007-06-30 00:00:00,343.2486355
496,2007-07-31 00:00:00,346.0786222
496,2007-08-31 00:00:00,349.4376999
496,2007-09-30 00:00:00,355.3580781
496,2007-10-31 00:00:00,357.16445
496,2007-11-30 00:00:00,361.4700718
496,2007-12-31 00:00:00,363.4598682
496,2008-01-31 00:00:00,367.2053369
496,2008-02-29 00:00:00,368.1520495
496,2008-03-31 00:00:00,364.6273394
496,2008-04-30 00:00:00,362.1381591
496,2008-05-31 00:00:00,358.7989516
496,2008-06-30 00:00:00,356.6912519
496,2008-07-31 00:00:00,353.2006662
496,2008-08-31 00:00:00,356.091232
496,2008-09-30 00:00:00,355.1985379
496,2008-10-31 00:00:00,354.3953485
496,2008-11-30 00:00:00,351.91816
496,2008-12-31 00:00:00,353.855348
496,2009-01-31 00:00:00,352.5275003
496,2009-02-28 00:00:00,352.507246
496,2009-03-31 00:00:00,353.705277
496,2009-04-30 00:00:00,353.8971606
496,2009-05-31 00:00:00,355.9322287
496,2009-06-30 00:00:00,359.5464423
496,2009-07-31 00:00:00,359.2511196
496,2009-08-31 00:00:00,360.284733
496,2009-09-30 00:00:00,361.0854026
496,2009-10-31 00:00:00,367.2912125
496,2009-11-30 00:00:00,366.4415963
496,2009-12-31 00:00:00,365.8806865
496,2010-01-31 00:00:00,371.9264369
496,2010-02-28 00:00:00,372.6033422
496,2010-03-31 00:00:00,371.0874543
496,2010-04-30 00:00:00,370.9273101
496,2010-05-31 00:00:00,367.091376
496,2010-06-30 00:00:00,368.4707868
496,2010-07-31 00:00:00,365.2601884
496,2010-08-31 00:00:00,364.9751712
496,2010-09-30 00:00:00,362.4409636
496,2010-10-31 00:00:00,365.4610423
496,2010-11-30 00:00:00,361.0195152
496,2010-12-31 00:00:00,362.2598167
496,2011-01-31 00:00:00,361.2772148
496,2011-02-28 00:00:00,358.9081687
496,2011-03-31 00:00:00,353.5780932
496,2011-04-30 00:00:00,351.9867385
497,2005-01-31 00:00:00,193.7436442
497,2005-02-28 00:00:00,189.7421079
497,2005-03-31 00:00:00,189.8721399
497,2005-04-30 00:00:00,188.277229
497,2005-05-31 00:00:00,185
497,2005-06-30 00:00:00,202.5529185
497,2005-07-31 00:00:00,194.753845
497,2005-08-31 00:00:00,193.4439355
497,2005-09-30 00:00:00,191.2333451
497,2005-10-31 00:00:00,192.411699
497,2005-11-30 00:00:00,193.4570382
497,2005-12-31 00:00:00,189.6053946
497,2006-01-31 00:00:00,195.3478971
497,2006-02-28 00:00:00,195.9451521
497,2006-03-31 00:00:00,198.6057926
497,2006-04-30 00:00:00,205.6769338
497,2006-05-31 00:00:00,199.8152942
497,2006-06-30 00:00:00,206.290971
497,2006-07-31 00:00:00,201.5685174
497,2006-08-31 00:00:00,202.3391572
497,2006-09-30 00:00:00,202.4592945
497,2006-10-31 00:00:00,197.9779036
497,2006-11-30 00:00:00,206.3154265
497,2006-12-31 00:00:00,203.8721106
497,2007-01-31 00:00:00,209.0210344
497,2007-02-28 00:00:00,204.6545617
497,2007-03-31 00:00:00,213.4968719
497,2007-04-30 00:00:00,214.9829868
497,2007-05-31 00:00:00,213.0033185
497,2007-06-30 00:00:00,221.5239654
497,2007-07-31 00:00:00,217.6453815
497,2007-08-31 00:00:00,218.4182587
497,2007-09-30 00:00:00,223.1864848
497,2007-10-31 00:00:00,229.9182272
497,2007-11-30 00:00:00,233.7399261
497,2007-12-31 00:00:00,237.0395811
497,2008-01-31 00:00:00,240.0614067
497,2008-02-29 00:00:00,242.3112467
497,2008-03-31 00:00:00,246.6284758
497,2008-04-30 00:00:00,242.258445
497,2008-05-31 00:00:00,243.8386648
497,2008-06-30 00:00:00,244.3408836
497,2008-07-31 00:00:00,240.528599
497,2008-08-31 00:00:00,235.9548763
497,2008-09-30 00:00:00,234.7472577
497,2008-10-31 00:00:00,240.2086015
497,2008-11-30 00:00:00,236.8761126
497,2008-12-31 00:00:00,233.8986635
497,2009-01-31 00:00:00,236.7852222
497,2009-02-28 00:00:00,234.4311492
497,2009-03-31 00:00:00,237.3252444
497,2009-04-30 00:00:00,239.0960033
497,2009-05-31 00:00:00,238.4823098
497,2009-06-30 00:00:00,239.5005701
497,2009-07-31 00:00:00,243.1776457
497,2009-08-31 00:00:00,239.6205595
497,2009-09-30 00:00:00,244.246701
497,2009-10-31 00:00:00,236.044865
497,2009-11-30 00:00:00,247.3133862
497,2009-12-31 00:00:00,254.5638217
497,2010-01-31 00:00:00,256.2710886
497,2010-02-28 00:00:00,248.1052005
497,2010-03-31 00:00:00,251.6488342
497,2010-04-30 00:00:00,256.0721325
497,2010-05-31 00:00:00,250.8721754
497,2010-06-30 00:00:00,252.9163785
497,2010-07-31 00:00:00,265.3996311
497,2010-08-31 00:00:00,258.2799705
497,2010-09-30 00:00:00,254.9124809
497,2010-10-31 00:00:00,256.4194424
497,2010-11-30 00:00:00,251.0456597
497,2010-12-31 00:00:00,262.0934819
497,2011-01-31 00:00:00,259.8177724
497,2011-02-28 00:00:00,261.2183625
497,2011-03-31 00:00:00,258.9902907
497,2011-04-30 00:00:00,257.0643832
498,2005-01-31 00:00:00,212.3967056
498,2005-02-28 00:00:00,214.3689887
498,2005-03-31 00:00:00,219.4881617
498,2005-04-30 00:00:00,224.8972181
498,2005-05-31 00:00:00,225
498,2005-06-30 00:00:00,226.1601472
498,2005-07-31 00:00:00,230.6007918
498,2005-08-31 00:00:00,236.6862577
498,2005-09-30 00:00:00,244.2679285
498,2005-10-31 00:00:00,250.6879592
498,2005-11-30 00:00:00,261.6981851
498,2005-12-31 00:00:00,261.2236254
498,2006-01-31 00:00:00,279.5808023
498,2006-02-28 00:00:00,286.0010728
498,2006-03-31 00:00:00,295.6632284
498,2006-04-30 00:00:00,306.0181013
498,2006-05-31 00:00:00,308.5410854
498,2006-06-30 00:00:00,322.719756
498,2006-07-31 00:00:00,328.7786677
498,2006-08-31 00:00:00,331.2734859
498,2006-09-30 00:00:00,342.0487623
498,2006-10-31 00:00:00,342.1796435
498,2006-11-30 00:00:00,347.8156517
498,2006-12-31 00:00:00,354.144491
498,2007-01-31 00:00:00,366.9859926
498,2007-02-28 00:00:00,363.1433067
498,2007-03-31 00:00:00,374.9025604
498,2007-04-30 00:00:00,376.5189859
498,2007-05-31 00:00:00,370.1254666
498,2007-06-30 00:00:00,372.3954483
498,2007-07-31 00:00:00,375.2297909
498,2007-08-31 00:00:00,377.9648342
498,2007-09-30 00:00:00,369.943346
498,2007-10-31 00:00:00,380.5500805
498,2007-11-30 00:00:00,393.6020526
498,2007-12-31 00:00:00,381.5829186
498,2008-01-31 00:00:00,382.4998806
498,2008-02-29 00:00:00,378.1000237
498,2008-03-31 00:00:00,388.3286298
498,2008-04-30 00:00:00,376.9355359
498,2008-05-31 00:00:00,374.7869204
498,2008-06-30 00:00:00,367.4180108
498,2008-07-31 00:00:00,367.4351526
498,2008-08-31 00:00:00,359.78991
498,2008-09-30 00:00:00,377.4749166
498,2008-10-31 00:00:00,375.3554449
498,2008-11-30 00:00:00,353.2050341
498,2008-12-31 00:00:00,352.590205
498,2009-01-31 00:00:00,355.7175361
498,2009-02-28 00:00:00,352.5050681
498,2009-03-31 00:00:00,358.6625823
498,2009-04-30 00:00:00,355.0825834
498,2009-05-31 00:00:00,357.4636603
498,2009-06-30 00:00:00,360.2809782
498,2009-07-31 00:00:00,355.0557639
498,2009-08-31 00:00:00,361.4286162
498,2009-09-30 00:00:00,357.2428014
498,2009-10-31 00:00:00,364.4136291
498,2009-11-30 00:00:00,369.6780662
498,2009-12-31 00:00:00,376.8878902
498,2010-01-31 00:00:00,380.7595195
498,2010-02-28 00:00:00,376.9882394
498,2010-03-31 00:00:00,379.2279318
498,2010-04-30 00:00:00,384.4793512
498,2010-05-31 00:00:00,381.1752042
498,2010-06-30 00:00:00,386.6753304
498,2010-07-31 00:00:00,377.7668579
498,2010-08-31 00:00:00,375.4471671
498,2010-09-30 00:00:00,367.4579031
498,2010-10-31 00:00:00,381.2567899
498,2010-11-30 00:00:00,372.9018233
498,2010-12-31 00:00:00,368.8752208
498,2011-01-31 00:00:00,371.9497699
498,2011-02-28 00:00:00,371.0025244
498,2011-03-31 00:00:00,365.8153929
498,2011-04-30 00:00:00,358.3313339
